st;year;div_rate;stpop;lfdivlaw
AK;1956;2.7;224000;1935
AK;1957;2.4000001;231000;1935
AK;1958;2.5;224000;1935
AK;1959;3;224000;1935
AK;1960;3.5;229000;1935
AK;1961;3.9000001;238000;1935
AK;1962;3.8;246000;1935
AK;1963;3.8;256000;1935
AK;1964;3.9000001;263000;1935
AK;1965;4.1999998;271000;1935
AK;1966;4.0999999;271000;1935
AK;1967;4.3000002;278000;1935
AK;1968;4.8000002;285000;1935
AK;1969;5.4000001;296000;1935
AK;1970;5.5999999;302583;1935
AK;1971;5.5;315510;1935
AK;1972;6.5999999;324464;1935
AK;1973;6.1999998;330543;1935
AK;1974;7.0999999;341063;1935
AK;1975;7.6999998;376170;1935
AK;1976;8.1999998;400969;1935
AK;1977;9;403436;1935
AK;1978;8.6999998;404766;1935
AK;1979;8.6999998;402753;1935
AK;1980;8.8000002;401851;1935
AK;1981;8.3000002;418491;1935
AK;1982;7.8000002;449606;1935
AK;1983;8.1000004;488417;1935
AK;1984;7.6999998;513702;1935
AK;1985;7.6999998;532495;1935
AK;1986;7;544268;1935
AK;1987;6.5;539309;1935
AK;1988;6.4000001;541983;1935
AK;1989;6.3000002;547159;1935
AK;1990;5.6999998;553120;1935
AK;1991;5.9725299;569273;1935
AK;1992;6.302453;587073;1935
AK;1993;5.6181564;596993;1935
AK;1994;5.3161378;600624;1935
AK;1995;4.9888167;601345;1935
AK;1996;4.6287265;604918;1935
AK;1997;4.8386621;608846;1935
AK;1998;5.221024;615205;1935
AL;1956;3.3;3071000;1971
AL;1957;3.4000001;3109000;1971
AL;1958;3.9000001;3163000;1971
AL;1959;4.6999998;3204000;1971
AL;1960;5.3000002;3274000;1971
AL;1961;5.3000002;3316000;1971
AL;1962;3.7;3323000;1971
AL;1963;3.7;3358000;1971
AL;1964;3.2;3395000;1971
AL;1965;3.2;3443000;1971
AL;1966;3.2;3464000;1971
AL;1967;3.4000001;3458000;1971
AL;1968;3.5999999;3446000;1971
AL;1969;4;3440000;1971
AL;1970;4.4000001;3444354;1971
AL;1971;4.8000002;3497076;1971
AL;1972;5.4000001;3539400;1971
AL;1973;5.6999998;3579780;1971
AL;1974;5.8000002;3626499;1971
AL;1975;6.1999998;3678814;1971
AL;1976;6.4000001;3735139;1971
AL;1977;6.3000002;3780403;1971
AL;1978;6.5;3831836;1971
AL;1979;6.9000001;3866248;1971
AL;1980;6.9000001;3893888;1971
AL;1981;6.8000002;3918531;1971
AL;1982;6.3000002;3925266;1971
AL;1983;6.4000001;3934102;1971
AL;1984;6.4000001;3951820;1971
AL;1985;6.1999998;3972523;1971
AL;1986;6.3000002;3991569;1971
AL;1987;6;4015264;1971
AL;1988;5.8000002;4023844;1971
AL;1989;6.1999998;4030222;1971
AL;1990;6.3000002;4048508;1971
AL;1991;6.6242566;4091025;1971
AL;1992;6.522891;4139269;1971
AL;1993;6.2283068;4193114;1971
AL;1994;6.3896112;4232965;1971
AL;1995;6.0993762;4262731;1971
AL;1996;6.0134211;4290403;1971
AL;1997;5.1959581;4320281;1971
AL;1998;6.0385604;4351037;1971
AR;1956;2.8;1704000;2000
AR;1957;3.0999999;1733000;2000
AR;1958;2.9000001;1726000;2000
AR;1959;3.2;1756000;2000
AR;1960;2.9302452;1789000;2000
AR;1961;3.2;1806000;2000
AR;1962;3.4000001;1853000;2000
AR;1963;3.4000001;1875000;2000
AR;1964;3.0999999;1897000;2000
AR;1965;3.4000001;1894000;2000
AR;1966;3.8;1899000;2000
AR;1967;4.0999999;1901000;2000
AR;1968;4.3000002;1902000;2000
AR;1969;4.5999999;1913000;2000
AR;1970;4.8000002;1923322;2000
AR;1971;6.5999999;1972312;2000
AR;1972;7.1999998;2018638;2000
AR;1973;7.4000001;2059256;2000
AR;1974;7.5;2101403;2000
AR;1975;6.1999998;2159526;2000
AR;1976;6.5999999;2170161;2000
AR;1977;6.6999998;2209010;2000
AR;1978;6.6999998;2243127;2000
AR;1979;6.8000002;2271333;2000
AR;1980;6.9000001;2286435;2000
AR;1981;7.1999998;2293201;2000
AR;1982;6.8000002;2294257;2000
AR;1983;6.6999998;2305761;2000
AR;1984;6.5;2319768;2000
AR;1985;7;2327046;2000
AR;1986;7.0999999;2331984;2000
AR;1987;6.6999998;2342355;2000
AR;1988;7;2342656;2000
AR;1989;7.0999999;2346358;2000
AR;1990;7.0999999;2354343;2000
AR;1991;7.9724431;2370666;2000
AR;1992;7.6855669;2394098;2000
AR;1993;7.202909;2423743;2000
AR;1994;6.8285179;2450605;2000
AR;1995;6.4512982;2480121;2000
AR;1996;6.0682082;2504858;2000
AR;1997;5.8724084;2524007;2000
AR;1998;6.0578313;2538202;2000
AZ;1956;5.5;1053000;1973
AZ;1957;4.8000002;1125000;1973
AZ;1958;5;1193000;1973
AZ;1959;5.1999998;1261000;1973
AZ;1960;3.7;1321000;1973
AZ;1961;5;1407000;1973
AZ;1962;5.3000002;1471000;1973
AZ;1963;5.5999999;1521000;1973
AZ;1964;5.6999998;1556000;1973
AZ;1965;5.4000001;1584000;1973
AZ;1966;5.6999998;1614000;1973
AZ;1967;6.1999998;1646000;1973
AZ;1968;6.4000001;1682000;1973
AZ;1969;7;1737000;1973
AZ;1970;7.1999998;1775399;1973
AZ;1971;7.6999998;1895814;1973
AZ;1972;6.5999999;2008291;1973
AZ;1973;6.5999999;2124438;1973
AZ;1974;7.5999999;2223196;1973
AZ;1975;7.6999998;2284847;1973
AZ;1976;8.1000004;2346157;1973
AZ;1977;6.8000002;2425197;1973
AZ;1978;6.9000001;2515316;1973
AZ;1979;7.5999999;2635571;1973
AZ;1980;7.3000002;2718215;1973
AZ;1981;7.5;2810107;1973
AZ;1982;7;2889861;1973
AZ;1983;6.6999998;2968925;1973
AZ;1984;6.5999999;3067135;1973
AZ;1985;6.5999999;3183538;1973
AZ;1986;7;3308262;1973
AZ;1987;7;3437103;1973
AZ;1988;7.0999999;3535183;1973
AZ;1989;6.4000001;3622185;1973
AZ;1990;6.8000002;3679056;1973
AZ;1991;6.591548;3762394;1973
AZ;1992;6.6195488;3867333;1973
AZ;1993;5.9410677;3993390;1973
AZ;1994;5.9126315;4147561;1973
AZ;1995;6.4083095;4306908;1973
AZ;1996;5.8208952;4432308;1973
AZ;1997;5.7912569;4552207;1973
AZ;1998;5.52742;4667277;1973
CA;1956;3.0999999;13713000;1970
CA;1957;3.0999999;14264000;1970
CA;1958;2.9000001;14880000;1970
CA;1959;3.0999999;15467000;1970
CA;1960;3.0999999;15870000;1970
CA;1961;3.0999999;16497000;1970
CA;1962;3.2;17072000;1970
CA;1963;3.2;17668000;1970
CA;1964;3.3;18151000;1970
CA;1965;3.8;18585000;1970
CA;1966;3.7;18858000;1970
CA;1967;3.7;19176000;1970
CA;1968;3.9000001;19394000;1970
CA;1969;4.1999998;19711000;1970
CA;1970;5.6999998;19971069;1970
CA;1971;5.3000002;20345939;1970
CA;1972;5.4000001;20585469;1970
CA;1973;5.5999999;20868728;1970
CA;1974;5.6999998;21173865;1970
CA;1975;6;21537849;1970
CA;1976;6.0999999;21935909;1970
CA;1977;5.9000001;22352396;1970
CA;1978;5.8000002;22835958;1970
CA;1979;5.9000001;23256880;1970
CA;1980;5.5999999;23667902;1970
CA;1981;5.5;24285933;1970
CA;1982;5.4000001;24820009;1970
CA;1983;5.0999999;25360026;1970
CA;1984;5.5999999;25844393;1970
CA;1985;5.1999998;26441109;1970
CA;1986;5.0999999;27102237;1970
CA;1987;4.9000001;27777158;1970
CA;1988;4.5999999;28464249;1970
CA;1989;4.5;29218164;1970
CA;1990;4.3000002;29950111;1970
CA;1991;;30414114;1970
CA;1992;;30875920;1970
CA;1993;;31147208;1970
CA;1994;;31317179;1970
CA;1995;;31493525;1970
CA;1996;;31780829;1970
CA;1997;;32217708;1970
CA;1998;;32682794;1970
CO;1956;3.5;1625000;1971
CO;1957;3;1664000;1971
CO;1958;3.4000001;1667000;1971
CO;1959;3.5;1710000;1971
CO;1960;2.7;1769000;1971
CO;1961;3.0999999;1844000;1971
CO;1962;3.5999999;1899000;1971
CO;1963;3.5;1936000;1971
CO;1964;3.2;1970000;1971
CO;1965;3.4000001;1985000;1971
CO;1966;3.7;2007000;1971
CO;1967;4;2053000;1971
CO;1968;4.1999998;2120000;1971
CO;1969;4.3000002;2166000;1971
CO;1970;4.6999998;2209596;1971
CO;1971;5.0999999;2303524;1971
CO;1972;5.1999998;2404619;1971
CO;1973;5.8000002;2495868;1971
CO;1974;5.9000001;2541406;1971
CO;1975;6.0999999;2586192;1971
CO;1976;6.6999998;2632306;1971
CO;1977;7.5999999;2696140;1971
CO;1978;6.6999998;2766748;1971
CO;1979;5.8000002;2849234;1971
CO;1980;6.4000001;2889964;1971
CO;1981;6.5999999;2977898;1971
CO;1982;6.0999999;3061564;1971
CO;1983;6.1999998;3133630;1971
CO;1984;5.8000002;3169992;1971
CO;1985;5.9000001;3208723;1971
CO;1986;5.8000002;3237450;1971
CO;1987;5.5999999;3260480;1971
CO;1988;5.6999998;3262281;1971
CO;1989;5.6999998;3275818;1971
CO;1990;5.5999999;3303862;1971
CO;1991;5.6717505;3367567;1971
CO;1992;5.6358461;3459995;1971
CO;1993;5.2781839;3560884;1971
CO;1994;5.2376771;3653910;1971
CO;1995;;3738061;1971
CO;1996;;3812716;1971
CO;1997;;3891293;1971
CO;1998;;3968967;1971
CT;1956;1.2;2316000;1973
CT;1957;1.2;2359000;1973
CT;1958;1;2446000;1973
CT;1959;1.1;2523000;1973
CT;1960;1;2544000;1973
CT;1961;1.1;2586000;1973
CT;1962;1.1;2647000;1973
CT;1963;1.2;2727000;1973
CT;1964;1.3;2798000;1973
CT;1965;1.3;2857000;1973
CT;1966;1.5;2903000;1973
CT;1967;1.6;2935000;1973
CT;1968;1.8;2964000;1973
CT;1969;1.9;3000000;1973
CT;1970;1.9;3032217;1973
CT;1971;2.3;3060938;1973
CT;1972;2.7;3068699;1973
CT;1973;2.5999999;3067814;1973
CT;1974;3.5;3074047;1973
CT;1975;4;3082500;1973
CT;1976;3.8;3083335;1973
CT;1977;4;3085722;1973
CT;1978;4.0999999;3091627;1973
CT;1979;4.5999999;3095917;1973
CT;1980;4.3000002;3107576;1973
CT;1981;4.3000002;3128836;1973
CT;1982;4.0999999;3139013;1973
CT;1983;3.8;3162354;1973
CT;1984;3.7;3180014;1973
CT;1985;3.5;3201131;1973
CT;1986;3.5999999;3223740;1973
CT;1987;3.8;3247291;1973
CT;1988;3.7;3271953;1973
CT;1989;3.7;3283403;1973
CT;1990;3.5;3289056;1973
CT;1991;;3288640;1973
CT;1992;3.0839722;3274997;1973
CT;1993;2.7793694;3272325;1973
CT;1994;3.1205387;3268346;1973
CT;1995;3.246263;3265293;1973
CT;1996;3.2139282;3267030;1973
CT;1997;3.4407072;3268514;1973
CT;1998;2.9380641;3272563;1973
DC;1956;1.4;759000;2000
DC;1957;2.5;763000;2000
DC;1958;1.5;757000;2000
DC;1959;1.6;761000;2000
DC;1960;1.5;765000;2000
DC;1961;1.5;778000;2000
DC;1962;1.5;788000;2000
DC;1963;1.5;798000;2000
DC;1964;1.5;798000;2000
DC;1965;1.7;797000;2000
DC;1966;2.3;791000;2000
DC;1967;2.3;791000;2000
DC;1968;2.7;778000;2000
DC;1969;2.9000001;762000;2000
DC;1970;3;756668;2000
DC;1971;3.5;749781;2000
DC;1972;4.5;742241;2000
DC;1973;4.0999999;731488;2000
DC;1974;4.4000001;717947;2000
DC;1975;5.3000002;706871;2000
DC;1976;4.4000001;692295;2000
DC;1977;4.5999999;677228;2000
DC;1978;5.0999999;665052;2000
DC;1979;6.8000002;650016;2000
DC;1980;7.3000002;638333;2000
DC;1981;6.1999998;636893;2000
DC;1982;5.6999998;634174;2000
DC;1983;4.9000001;632433;2000
DC;1984;4.9000001;633382;2000
DC;1985;4.3000002;634549;2000
DC;1986;3.7;638269;2000
DC;1987;4.0999999;636930;2000
DC;1988;3.4000001;630432;2000
DC;1989;4.4000001;624168;2000
DC;1990;3.8;603814;2000
DC;1991;3.8770208;593239;2000
DC;1992;4.6218395;584183;2000
DC;1993;3.8934135;576358;2000
DC;1994;3.4355078;564982;2000
DC;1995;3.4465683;551273;2000
DC;1996;;538273;2000
DC;1997;2.2316701;528752;2000
DC;1998;2.1019282;521426;2000
DE;1956;1.5;408000;2000
DE;1957;1.6;426000;2000
DE;1958;1.3;433000;2000
DE;1959;1.4;441000;2000
DE;1960;1.6;449000;2000
DE;1961;1.3;461000;2000
DE;1962;1.2;469000;2000
DE;1963;1.3;483000;2000
DE;1964;1.3;497000;2000
DE;1965;1.5;507000;2000
DE;1966;1.6;516000;2000
DE;1967;1.7;525000;2000
DE;1968;1.9;534000;2000
DE;1969;2.9000001;540000;2000
DE;1970;3.2;548104;2000
DE;1971;3.2;564708;2000
DE;1972;3.2;572913;2000
DE;1973;3.8;577759;2000
DE;1974;4;581418;2000
DE;1975;4.6999998;586589;2000
DE;1976;5.5;590166;2000
DE;1977;5.0999999;591829;2000
DE;1978;5.5;594776;2000
DE;1979;5.1999998;594984;2000
DE;1980;3.9000001;594338;2000
DE;1981;5;595975;2000
DE;1982;5.4000001;599148;2000
DE;1983;5;605458;2000
DE;1984;4.6999998;611565;2000
DE;1985;4.8000002;618280;2000
DE;1986;4.9000001;627559;2000
DE;1987;4.5999999;636947;2000
DE;1988;4.5999999;647622;2000
DE;1989;4.4000001;658273;2000
DE;1990;4.5;669063;2000
DE;1991;4.4085555;680495;2000
DE;1992;4.9264083;690158;2000
DE;1993;4.839344;699475;2000
DE;1994;4.404192;708416;2000
DE;1995;5.1513019;718265;2000
DE;1996;4.5386405;727090;2000
DE;1997;3.9998693;735024;2000
DE;1998;4.5331998;744066;2000
FL;1956;5.0999999;4047000;1971
FL;1957;4.4000001;4372000;1971
FL;1958;3.8;4630000;1971
FL;1959;4.0999999;4808000;1971
FL;1960;3.9000001;5004000;1971
FL;1961;4.1999998;5243000;1971
FL;1962;4.0999999;5458000;1971
FL;1963;4.0999999;5628000;1971
FL;1964;4.1999998;5781000;1971
FL;1965;4.4000001;5954000;1971
FL;1966;4.3000002;6104000;1971
FL;1967;4.6999998;6242000;1971
FL;1968;5.0999999;6433000;1971
FL;1969;5.5;6641000;1971
FL;1970;5.5;6791418;1971
FL;1971;6.0999999;7158304;1971
FL;1972;6.9000001;7511463;1971
FL;1973;7.0999999;7913696;1971
FL;1974;7.1999998;8298762;1971
FL;1975;7.4000001;8518422;1971
FL;1976;7.3000002;8667379;1971
FL;1977;7;8856183;1971
FL;1978;7.1999998;9102032;1971
FL;1979;7.4000001;9426159;1971
FL;1980;7.3000002;9746324;1971
FL;1981;7.4000001;10192774;1971
FL;1982;6.8000002;10471407;1971
FL;1983;6.5999999;10749851;1971
FL;1984;6.9000001;11039925;1971
FL;1985;6.8000002;11351118;1971
FL;1986;6.6999998;11667505;1971
FL;1987;6.5999999;11997283;1971
FL;1988;6.4000001;12306395;1971
FL;1989;6.3000002;12637715;1971
FL;1990;6.1999998;13018365;1971
FL;1991;6.2229595;13289497;1971
FL;1992;6.227427;13504775;1971
FL;1993;6.0496912;13713593;1971
FL;1994;5.9864068;13961798;1971
FL;1995;5.6043525;14185403;1971
FL;1996;5.5590558;14426911;1971
FL;1997;5.6493921;14683350;1971
FL;1998;5.3752861;14908230;1971
GA;1956;2.0999999;3701000;1973
GA;1957;2.3;3766000;1973
GA;1958;2.0999999;3804000;1973
GA;1959;2.2;3868000;1973
GA;1960;2.3;3956000;1973
GA;1961;2.4000001;4015000;1973
GA;1962;2.4000001;4086000;1973
GA;1963;2.5;4172000;1973
GA;1964;2.5999999;4258000;1973
GA;1965;2.7;4332000;1973
GA;1966;2.9000001;4379000;1973
GA;1967;3.2;4408000;1973
GA;1968;3.4000001;4482000;1973
GA;1969;3.7;4551000;1973
GA;1970;4.0999999;4587930;1973
GA;1971;4.3000002;4711550;1973
GA;1972;4.5999999;4809490;1973
GA;1973;5.0999999;4910374;1973
GA;1974;5.4000001;4999419;1973
GA;1975;5.8000002;5064075;1973
GA;1976;6.0999999;5132812;1973
GA;1977;5.9000001;5219697;1973
GA;1978;6;5295751;1973
GA;1979;6.1999998;5401384;1973
GA;1980;6.4000001;5463105;1973
GA;1981;6.3000002;5568345;1973
GA;1982;5.9000001;5649792;1973
GA;1983;5.8000002;5728250;1973
GA;1984;5.3000002;5834954;1973
GA;1985;5.5999999;5962661;1973
GA;1986;5.5999999;6084666;1973
GA;1987;5.5;6208467;1973
GA;1988;5.5;6316142;1973
GA;1989;5.4000001;6411099;1973
GA;1990;5.6999998;6506531;1973
GA;1991;6.3431854;6621279;1973
GA;1992;5.8584442;6759474;1973
GA;1993;5.3670592;6894092;1973
GA;1994;5.5846663;7045900;1973
GA;1995;5.1749048;7188538;1973
GA;1996;4.8961945;7332225;1973
GA;1997;4.843514;7486094;1973
GA;1998;4.6818433;7636522;1973
HI;1956;2.3;559000;1973
HI;1957;2;584000;1973
HI;1958;2;605000;1973
HI;1959;2.2;622000;1973
HI;1960;2;642000;1973
HI;1961;2.4000001;659000;1973
HI;1962;2.0999999;684000;1973
HI;1963;2.2;682000;1973
HI;1964;2.4000001;700000;1973
HI;1965;1.6;704000;1973
HI;1966;1.2;710000;1973
HI;1967;1.9;723000;1973
HI;1968;2.4000001;734000;1973
HI;1969;2.9000001;750000;1973
HI;1970;3.4000001;769913;1973
HI;1971;4.5999999;801644;1973
HI;1972;4.6999998;828331;1973
HI;1973;4.9000001;851595;1973
HI;1974;4.6999998;867978;1973
HI;1975;4.8000002;886160;1973
HI;1976;5.1999998;904191;1973
HI;1977;5;918259;1973
HI;1978;5.1999998;931584;1973
HI;1979;5.3000002;953306;1973
HI;1980;4.5999999;964691;1973
HI;1981;4.3000002;978195;1973
HI;1982;4.1999998;993780;1973
HI;1983;4.5;1012717;1973
HI;1984;4.5999999;1027922;1973
HI;1985;4.5999999;1039698;1973
HI;1986;4.4000001;1051762;1973
HI;1987;4.0999999;1067918;1973
HI;1988;4.5999999;1079828;1973
HI;1989;5.0999999;1094588;1973
HI;1990;4.5999999;1112703;1973
HI;1991;4.5076418;1131412;1973
HI;1992;4.3481059;1149926;1973
HI;1993;4.2866688;1161508;1973
HI;1994;4.1536651;1173903;1973
HI;1995;4.6590824;1180490;1973
HI;1996;4.0525684;1184434;1973
HI;1997;4.0031209;1189322;1973
HI;1998;4.0404143;1190472;1973
IA;1956;1.8;2703000;1970
IA;1957;1.5;2716000;1970
IA;1958;1.6;2708000;1970
IA;1959;1.7;2729000;1970
IA;1960;1.7;2756000;1970
IA;1961;1.7;2756000;1970
IA;1962;1.7;2750000;1970
IA;1963;1.8;2747000;1970
IA;1964;1.8;2746000;1970
IA;1965;1.9;2742000;1970
IA;1966;2;2762000;1970
IA;1967;2.2;2793000;1970
IA;1968;2.3;2803000;1970
IA;1969;2.5;2805000;1970
IA;1970;2.5;2825368;1970
IA;1971;2.7;2851705;1970
IA;1972;3;2860287;1970
IA;1973;3.2;2863715;1970
IA;1974;3.3;2867530;1970
IA;1975;3.5999999;2880847;1970
IA;1976;3.7;2903082;1970
IA;1977;3.7;2913573;1970
IA;1978;3.8;2918069;1970
IA;1979;3.9000001;2915739;1970
IA;1980;4.0999999;2913808;1970
IA;1981;4.0999999;2907983;1970
IA;1982;3.7;2888189;1970
IA;1983;3.5999999;2870543;1970
IA;1984;3.5999999;2858618;1970
IA;1985;3.7;2829684;1970
IA;1986;3.5999999;2791970;1970
IA;1987;3.7;2767011;1970
IA;1988;3.8;2768388;1970
IA;1989;3.8;2770592;1970
IA;1990;3.9000001;2779769;1970
IA;1991;4.3708377;2791227;1970
IA;1992;3.9188819;2806923;1970
IA;1993;3.875165;2820525;1970
IA;1994;3.8534372;2829422;1970
IA;1995;3.6960638;2840860;1970
IA;1996;3.4755464;2848473;1970
IA;1997;3.4357531;2854396;1970
IA;1998;3.3365664;2861025;1970
ID;1956;3.5999999;628000;1971
ID;1957;3.7;642000;1971
ID;1958;3.7;646000;1971
ID;1959;4;657000;1971
ID;1960;3.9000001;671000;1971
ID;1961;3.9000001;684000;1971
ID;1962;3.7;692000;1971
ID;1963;4.0999999;683000;1971
ID;1964;4.1999998;680000;1971
ID;1965;4.0999999;686000;1971
ID;1966;4.4000001;689000;1971
ID;1967;4.5;688000;1971
ID;1968;4.6999998;695000;1971
ID;1969;4.9000001;707000;1971
ID;1970;5.0999999;713015;1971
ID;1971;5;738753;1971
ID;1972;5;763237;1971
ID;1973;5.5999999;782074;1971
ID;1974;6;807990;1971
ID;1975;6.3000002;831982;1971
ID;1976;6.5999999;856983;1971
ID;1977;6.8000002;883469;1971
ID;1978;7;910690;1971
ID;1979;6.9000001;932627;1971
ID;1980;7;943935;1971
ID;1981;7;962204;1971
ID;1982;6.3000002;973721;1971
ID;1983;6.3000002;981869;1971
ID;1984;6.1999998;990839;1971
ID;1985;6.1999998;994051;1971
ID;1986;6.0999999;990224;1971
ID;1987;5.9000001;984997;1971
ID;1988;6;985664;1971
ID;1989;6.3000002;994416;1971
ID;1990;6.4000001;1011882;1971
ID;1991;6.2565274;1038915;1971
ID;1992;6.2822905;1066490;1971
ID;1993;6.4247861;1101204;1971
ID;1994;6.1014972;1135459;1971
ID;1995;5.8369098;1165000;1971
ID;1996;5.8937144;1187706;1971
ID;1997;5.9034986;1210638;1971
ID;1998;5.7014127;1230923;1971
IL;1956;;9530000;2000
IL;1957;;9668000;2000
IL;1958;2.0999999;9886000;2000
IL;1959;2.3;9986000;2000
IL;1960;2.2;10086000;2000
IL;1961;2.5999999;10130000;2000
IL;1962;1.8;10280000;2000
IL;1963;2;10402000;2000
IL;1964;2;10580000;2000
IL;1965;2.3;10693000;2000
IL;1966;2.5999999;10836000;2000
IL;1967;2.5999999;10947000;2000
IL;1968;2.9000001;10995000;2000
IL;1969;3.3;11039000;2000
IL;1970;3.3;11110285;2000
IL;1971;3.5999999;11202397;2000
IL;1972;3.8;11251948;2000
IL;1973;4;11251367;2000
IL;1974;4.3000002;11262145;2000
IL;1975;4.5;11291743;2000
IL;1976;4.5999999;11342853;2000
IL;1977;4.3000002;11386316;2000
IL;1978;4.4000001;11412561;2000
IL;1979;4.5999999;11396837;2000
IL;1980;4.5;11426518;2000
IL;1981;4.5;11443458;2000
IL;1982;4.3000002;11423412;2000
IL;1983;4.4000001;11408818;2000
IL;1984;4.1999998;11412132;2000
IL;1985;4.1999998;11399806;2000
IL;1986;4;11387257;2000
IL;1987;4.0999999;11391178;2000
IL;1988;4;11390183;2000
IL;1989;4;11409782;2000
IL;1990;4;11446979;2000
IL;1991;;11535973;2000
IL;1992;3.7472508;11635197;2000
IL;1993;3.7010114;11725984;2000
IL;1994;3.6618426;11804986;2000
IL;1995;3.2646372;11884935;2000
IL;1996;3.3799038;11953003;2000
IL;1997;3.3307223;12011509;2000
IL;1998;3.3595493;12069774;2000
IN;1956;2.7;4458000;1973
IN;1957;2.7923875;4529000;1973
IN;1958;2.6739864;4583000;1973
IN;1959;1.712317;4613000;1973
IN;1960;2.7;4674000;1973
IN;1961;3.2;4730000;1973
IN;1962;3.3;4736000;1973
IN;1963;3.2;4799000;1973
IN;1964;3.3;4856000;1973
IN;1965;3.9000001;4922000;1973
IN;1966;3.5999999;4999000;1973
IN;1967;3.5999999;5053000;1973
IN;1968;4.6999998;5093000;1973
IN;1969;4.5999999;5143000;1973
IN;1970;;5195392;1973
IN;1971;;5253396;1973
IN;1972;;5302435;1973
IN;1973;;5338277;1973
IN;1974;6.3000002;5361890;1973
IN;1975;;5365766;1973
IN;1976;5.8000002;5389088;1973
IN;1977;6.1999998;5425638;1973
IN;1978;7.4000001;5470214;1973
IN;1979;7.5999999;5501174;1973
IN;1980;7.3000002;5490224;1973
IN;1981;6.4000001;5480435;1973
IN;1982;6.5;5467922;1973
IN;1983;6.1999998;5450395;1973
IN;1984;5.9000001;5458322;1973
IN;1985;6.4000001;5459211;1973
IN;1986;6.4000001;5454108;1973
IN;1987;6.4000001;5473012;1973
IN;1988;;5491735;1973
IN;1989;6.3000002;5523693;1973
IN;1990;7.0999999;5555097;1973
IN;1991;;5602062;1973
IN;1992;;5648649;1973
IN;1993;;5701965;1973
IN;1994;;5745626;1973
IN;1995;;5791819;1973
IN;1996;;5834908;1973
IN;1997;;5872370;1973
IN;1998;;5907617;1973
KS;1956;2.3;2119000;1969
KS;1957;2.3;2128000;1969
KS;1958;2.2;2142000;1969
KS;1959;2.3;2160000;1969
KS;1960;2.2;2183000;1969
KS;1961;2.3;2215000;1969
KS;1962;2.4000001;2231000;1969
KS;1963;2.4000001;2217000;1969
KS;1964;2.5999999;2209000;1969
KS;1965;2.5999999;2206000;1969
KS;1966;2.7;2200000;1969
KS;1967;3;2197000;1969
KS;1968;3.0999999;2216000;1969
KS;1969;3.4000001;2236000;1969
KS;1970;3.9000001;2249071;1969
KS;1971;4.1999998;2246600;1969
KS;1972;4.4000001;2256375;1969
KS;1973;4.5999999;2265603;1969
KS;1974;5.0999999;2269499;1969
KS;1975;5.5;2280578;1969
KS;1976;5.5999999;2301001;1969
KS;1977;5.4000001;2320647;1969
KS;1978;5.4000001;2335657;1969
KS;1979;5.4000001;2350906;1969
KS;1980;5.6999998;2363679;1969
KS;1981;5.8000002;2384849;1969
KS;1982;5.0999999;2401202;1969
KS;1983;5;2415531;1969
KS;1984;5.3000002;2424086;1969
KS;1985;5.1999998;2427405;1969
KS;1986;5;2432619;1969
KS;1987;4.9000001;2445367;1969
KS;1988;5;2461996;1969
KS;1989;5;2472849;1969
KS;1990;5.0999999;2480683;1969
KS;1991;5.5706758;2495209;1969
KS;1992;5.2255664;2526042;1969
KS;1993;4.7468114;2547605;1969
KS;1994;4.6844869;2569118;1969
KS;1995;4.1361575;2586942;1969
KS;1996;4.5030031;2598266;1969
KS;1997;4.3816953;2616339;1969
KS;1998;4.0516672;2638667;1969
KY;1956;;2898000;1972
KY;1957;;2928000;1972
KY;1958;;2961000;1972
KY;1959;2.2139013;2999000;1972
KY;1960;2.4196064;3041000;1972
KY;1961;2.4000001;3054000;1972
KY;1962;2.3;3079000;1972
KY;1963;2.3;3096000;1972
KY;1964;2.5;3129000;1972
KY;1965;2.5999999;3140000;1972
KY;1966;2.0999999;3147000;1972
KY;1967;2.4000001;3172000;1972
KY;1968;3.0999999;3195000;1972
KY;1969;3;3198000;1972
KY;1970;3.3;3220711;1972
KY;1971;3.4000001;3298053;1972
KY;1972;3.5999999;3335728;1972
KY;1973;3.9000001;3371024;1972
KY;1974;4;3416315;1972
KY;1975;4.1999998;3467769;1972
KY;1976;4.5;3529257;1972
KY;1977;4.3000002;3573693;1972
KY;1978;3.8;3609976;1972
KY;1979;4.4000001;3641804;1972
KY;1980;4.5999999;3660777;1972
KY;1981;4.5;3670394;1972
KY;1982;4.4000001;3683445;1972
KY;1983;4.5999999;3694484;1972
KY;1984;4.5999999;3695453;1972
KY;1985;4.9000001;3694826;1972
KY;1986;5.0999999;3687809;1972
KY;1987;5.3000002;3683329;1972
KY;1988;5.4000001;3679999;1972
KY;1989;5.5;3677306;1972
KY;1990;5.6999998;3692584;1972
KY;1991;6.0031991;3714686;1972
KY;1992;6.4424105;3756358;1972
KY;1993;5.8568864;3792288;1972
KY;1994;5.7124696;3823215;1972
KY;1995;5.9399552;3855248;1972
KY;1996;5.4624381;3881051;1972
KY;1997;5.6440735;3907816;1972
KY;1998;5.6856222;3934310;1972
LA;1956;;3032000;2000
LA;1957;;3115000;2000
LA;1958;;3155000;2000
LA;1959;;3208000;2000
LA;1960;;3260000;2000
LA;1961;;3287000;2000
LA;1962;;3345000;2000
LA;1963;;3377000;2000
LA;1964;;3446000;2000
LA;1965;;3496000;2000
LA;1966;;3550000;2000
LA;1967;;3581000;2000
LA;1968;;3603000;2000
LA;1969;;3619000;2000
LA;1970;;3644637;2000
LA;1971;2.5;3710487;2000
LA;1972;2.8;3761646;2000
LA;1973;;3788375;2000
LA;1974;;3820109;2000
LA;1975;;3886104;2000
LA;1976;3.2;3950605;2000
LA;1977;;4014459;2000
LA;1978;3.2;4068579;2000
LA;1979;3.7;4137665;2000
LA;1980;4.3000002;4205900;2000
LA;1981;;4283303;2000
LA;1982;3.8;4352608;2000
LA;1983;3.5999999;4395316;2000
LA;1984;;4400477;2000
LA;1985;;4408118;2000
LA;1986;;4406919;2000
LA;1987;;4344148;2000
LA;1988;;4288863;2000
LA;1989;;4252894;2000
LA;1990;;4219179;2000
LA;1991;;4240950;2000
LA;1992;;4270849;2000
LA;1993;;4284749;2000
LA;1994;;4306500;2000
LA;1995;;4327978;2000
LA;1996;;4338763;2000
LA;1997;;4351390;2000
LA;1998;;4362758;2000
MA;1956;;4891000;1975
MA;1957;1.1;4929000;1975
MA;1958;1.1;5010000;1975
MA;1959;1.1;5117000;1975
MA;1960;1.1;5160000;1975
MA;1961;1.1;5219000;1975
MA;1962;1.2;5263000;1975
MA;1963;1.1;5344000;1975
MA;1964;1.3;5448000;1975
MA;1965;1.5;5502000;1975
MA;1966;1.9;5535000;1975
MA;1967;1.3;5594000;1975
MA;1968;1.8;5618000;1975
MA;1969;2;5650000;1975
MA;1970;1.9;5689170;1975
MA;1971;2.2;5737580;1975
MA;1972;2.5;5760302;1975
MA;1973;2.5;5781172;1975
MA;1974;2.8;5773548;1975
MA;1975;2.9000001;5757756;1975
MA;1976;3;5743672;1975
MA;1977;2.9000001;5738199;1975
MA;1978;2.8;5736469;1975
MA;1979;3;5738404;1975
MA;1980;3.0999999;5737037;1975
MA;1981;3.4000001;5768685;1975
MA;1982;3.4000001;5771222;1975
MA;1983;3.2;5799407;1975
MA;1984;3;5840773;1975
MA;1985;3.7;5880733;1975
MA;1986;3.4000001;5902678;1975
MA;1987;2.9000001;5935204;1975
MA;1988;3;5979982;1975
MA;1989;2.8;6015478;1975
MA;1990;2.7;6018664;1975
MA;1991;2.2505057;5998652;1975
MA;1992;2.7863641;5993474;1975
MA;1993;2.4172816;6010884;1975
MA;1994;2.6531367;6031352;1975
MA;1995;2.2268648;6062335;1975
MA;1996;2.0376663;6085393;1975
MA;1997;2.646564;6115476;1975
MA;1998;2.689275;6144407;1975
MD;1956;1.9;2811000;2000
MD;1957;2;2873000;2000
MD;1958;1.7;2982000;2000
MD;1959;1.7;3066000;2000
MD;1960;1.7;3113000;2000
MD;1961;1.7;3176000;2000
MD;1962;1.9;3263000;2000
MD;1963;1.9;3386000;2000
MD;1964;1.9;3492000;2000
MD;1965;2;3600000;2000
MD;1966;2;3695000;2000
MD;1967;2;3757000;2000
MD;1968;2.2;3815000;2000
MD;1969;2.3;3868000;2000
MD;1970;2.4000001;3923897;2000
MD;1971;2.5;4018324;2000
MD;1972;2.8;4073499;2000
MD;1973;3.4000001;4097974;2000
MD;1974;3.5999999;4118815;2000
MD;1975;3.7;4139096;2000
MD;1976;3.9000001;4150539;2000
MD;1977;4;4169595;2000
MD;1978;3.9000001;4183603;2000
MD;1979;4;4191160;2000
MD;1980;4.0999999;4216975;2000
MD;1981;4;4261905;2000
MD;1982;3.8;4282923;2000
MD;1983;3.8;4313327;2000
MD;1984;3.7;4365243;2000
MD;1985;3.7;4413071;2000
MD;1986;3.5;4486957;2000
MD;1987;3.4000001;4565557;2000
MD;1988;3.5999999;4657904;2000
MD;1989;3.5;4727301;2000
MD;1990;3.5;4797431;2000
MD;1991;3.4183276;4856176;2000
MD;1992;3.5899723;4902545;2000
MD;1993;3.5283735;4942504;2000
MD;1994;3.2009397;4985411;2000
MD;1995;2.9858768;5023650;2000
MD;1996;3.2231641;5057142;2000
MD;1997;2.9737396;5092914;2000
MD;1998;3.1962514;5130072;2000
ME;1956;2.0999999;938000;1973
ME;1957;2;943000;1973
ME;1958;2;944000;1973
ME;1959;2.0999999;957000;1973
ME;1960;2.2;975000;1973
ME;1961;2;995000;1973
ME;1962;2.0999999;994000;1973
ME;1963;2.2;993000;1973
ME;1964;2.4000001;993000;1973
ME;1965;2.5999999;997000;1973
ME;1966;2.7;999000;1973
ME;1967;3.0999999;1004000;1973
ME;1968;3.2;994000;1973
ME;1969;3.5;992000;1973
ME;1970;3.9000001;993722;1973
ME;1971;3.9000001;1015390;1973
ME;1972;4;1034292;1973
ME;1973;4.3000002;1045655;1973
ME;1974;4.5999999;1059040;1973
ME;1975;5.1999998;1071995;1973
ME;1976;5.0999999;1088412;1973
ME;1977;5.0999999;1103578;1973
ME;1978;5.5999999;1113566;1973
ME;1979;5.5;1122563;1973
ME;1980;5.5;1124660;1973
ME;1981;5.5999999;1133033;1973
ME;1982;5.0999999;1136684;1973
ME;1983;5.1999998;1144772;1973
ME;1984;5;1155635;1973
ME;1985;5.1999998;1162936;1973
ME;1986;4.8000002;1170126;1973
ME;1987;5;1184574;1973
ME;1988;5;1203840;1973
ME;1989;4.6999998;1219961;1973
ME;1990;4.1999998;1231296;1973
ME;1991;4.6946874;1235439;1973
ME;1992;4.774436;1235748;1973
ME;1993;4.3876224;1238256;1973
ME;1994;4.2676377;1237687;1973
ME;1995;4.4446673;1237438;1973
ME;1996;;1241436;1973
ME;1997;3.6531844;1245215;1973
ME;1998;4.1136494;1247554;1973
MI;1956;2.2;7467000;1972
MI;1957;2;7569000;1972
MI;1958;1.8;7667000;1972
MI;1959;2.0999999;7767000;1972
MI;1960;2.0999999;7834000;1972
MI;1961;2.0999999;7893000;1972
MI;1962;2.2;7933000;1972
MI;1963;2.2;8058000;1972
MI;1964;2.4000001;8187000;1972
MI;1965;2.4000001;8357000;1972
MI;1966;2.5999999;8512000;1972
MI;1967;2.7;8630000;1972
MI;1968;2.9000001;8696000;1972
MI;1969;3.2;8781000;1972
MI;1970;3.4000001;8881826;1972
MI;1971;3.5;8974186;1972
MI;1972;4;9028944;1972
MI;1973;4.3000002;9077956;1972
MI;1974;4.5999999;9117507;1972
MI;1975;4.5;9117668;1972
MI;1976;4.6999998;9129205;1972
MI;1977;4.6999998;9171110;1972
MI;1978;4.9000001;9217761;1972
MI;1979;4.8000002;9266268;1972
MI;1980;4.9000001;9262078;1972
MI;1981;4.6999998;9209287;1972
MI;1982;4.4000001;9115198;1972
MI;1983;4.1999998;9047754;1972
MI;1984;4.0999999;9049452;1972
MI;1985;4.3000002;9076293;1972
MI;1986;4.3000002;9127775;1972
MI;1987;4.3000002;9187481;1972
MI;1988;4.3000002;9217998;1972
MI;1989;4.4000001;9253295;1972
MI;1990;4.4000001;9310462;1972
MI;1991;4.2362862;9395022;1972
MI;1992;4.1603651;9470323;1972
MI;1993;4.0640178;9529240;1972
MI;1994;4.0881715;9584481;1972
MI;1995;4.1304898;9659871;1972
MI;1996;3.9736388;9739184;1972
MI;1997;3.9469826;9785450;1972
MI;1998;3.9593773;9820231;1972
MN;1956;1.2;3240000;1974
MN;1957;1.1;3274000;1974
MN;1958;1.2;3313000;1974
MN;1959;1.1;3366000;1974
MN;1960;1.2;3425000;1974
MN;1961;1.2;3470000;1974
MN;1962;1.3;3513000;1974
MN;1963;1.3;3531000;1974
MN;1964;1.5;3558000;1974
MN;1965;1.4;3592000;1974
MN;1966;1.5;3617000;1974
MN;1967;1.7;3659000;1974
MN;1968;1.8;3703000;1974
MN;1969;2;3758000;1974
MN;1970;2.2;3806103;1974
MN;1971;2.5;3853486;1974
MN;1972;2.7;3869747;1974
MN;1973;2.9000001;3889332;1974
MN;1974;3.0999999;3903925;1974
MN;1975;3.4000001;3932515;1974
MN;1976;3.5;3964680;1974
MN;1977;3.5;3989364;1974
MN;1978;3.5999999;4015341;1974
MN;1979;3.7;4050316;1974
MN;1980;3.8;4075970;1974
MN;1981;4;4111728;1974
MN;1982;3.7;4131450;1974
MN;1983;3.5999999;4141456;1974
MN;1984;3.5;4157706;1974
MN;1985;3.5;4184302;1974
MN;1986;3.4000001;4205212;1974
MN;1987;3.5;4235136;1974
MN;1988;3.5;4296166;1974
MN;1989;3.5999999;4338057;1974
MN;1990;3.5999999;4387283;1974
MN;1991;3.6138356;4427429;1974
MN;1992;3.6453066;4471503;1974
MN;1993;3.5864756;4521709;1974
MN;1994;3.6898592;4566028;1974
MN;1995;3.4307218;4605445;1974
MN;1996;3.2704186;4647723;1974
MN;1997;3.2934945;4687726;1974
MN;1998;3.2411485;4726411;1974
MO;1956;2.5999999;4163000;2000
MO;1957;2.5999999;4189000;2000
MO;1958;2.5999999;4186000;2000
MO;1959;2.8;4258000;2000
MO;1960;2.7;4326000;2000
MO;1961;2.7;4349000;2000
MO;1962;2.8;4357000;2000
MO;1963;2.9000001;4392000;2000
MO;1964;2.9000001;4442000;2000
MO;1965;2.9000001;4467000;2000
MO;1966;3.0999999;4523000;2000
MO;1967;3.2;4539000;2000
MO;1968;3.5999999;4568000;2000
MO;1969;3.8;4640000;2000
MO;1970;3.8;4677623;2000
MO;1971;4.1999998;4725764;2000
MO;1972;4.4000001;4758780;2000
MO;1973;4.5999999;4782645;2000
MO;1974;4.5999999;4795930;2000
MO;1975;5.0999999;4808308;2000
MO;1976;5.3000002;4839029;2000
MO;1977;5.1999998;4863173;2000
MO;1978;5.4000001;4889399;2000
MO;1979;5.6999998;4912430;2000
MO;1980;5.5999999;4916686;2000
MO;1981;5.6999998;4932064;2000
MO;1982;5.3000002;4929451;2000
MO;1983;5.1999998;4943733;2000
MO;1984;5;4975278;2000
MO;1985;5;5000268;2000
MO;1986;5;5023068;2000
MO;1987;4.9000001;5056696;2000
MO;1988;4.9000001;5081736;2000
MO;1989;4.9000001;5095830;2000
MO;1990;5;5126370;2000
MO;1991;5.1572676;5157770;2000
MO;1992;4.9483161;5193686;2000
MO;1993;5.0258155;5237757;2000
MO;1994;5.03332;5281206;2000
MO;1995;5.0332327;5324610;2000
MO;1996;4.8995061;5367888;2000
MO;1997;4.6710696;5407113;2000
MO;1998;4.7445898;5437562;2000
MS;1956;2.4000001;2086000;2000
MS;1957;2.3;2088000;2000
MS;1958;2.4000001;2086000;2000
MS;1959;2.4000001;2138000;2000
MS;1960;2.4000001;2182000;2000
MS;1961;2.4000001;2206000;2000
MS;1962;2.4000001;2243000;2000
MS;1963;2.4000001;2244000;2000
MS;1964;2.5;2241000;2000
MS;1965;2.5;2246000;2000
MS;1966;2.7;2245000;2000
MS;1967;2.8;2228000;2000
MS;1968;3;2219000;2000
MS;1969;3.2;2220000;2000
MS;1970;3.7;2216994;2000
MS;1971;3.9000001;2265432;2000
MS;1972;4.4000001;2307117;2000
MS;1973;4.5999999;2349546;2000
MS;1974;5;2378268;2000
MS;1975;5.0999999;2399449;2000
MS;1976;5;2429756;2000
MS;1977;5.1999998;2459201;2000
MS;1978;5.4000001;2487816;2000
MS;1979;5.4000001;2507069;2000
MS;1980;5.5;2520638;2000
MS;1981;5.5999999;2539036;2000
MS;1982;5;2556777;2000
MS;1983;5.1999998;2567717;2000
MS;1984;5;2578051;2000
MS;1985;5;2588102;2000
MS;1986;4.9000001;2593597;2000
MS;1987;4.5999999;2588545;2000
MS;1988;4.5999999;2580352;2000
MS;1989;5;2574269;2000
MS;1990;4.9000001;2577426;2000
MS;1991;4.9783306;2591230;2000
MS;1992;5.5934563;2610193;2000
MS;1993;5.7717977;2635574;2000
MS;1994;4.9860144;2663450;2000
MS;1995;4.8684621;2690788;2000
MS;1996;5.7935181;2709925;2000
MS;1997;5.0676727;2731826;2000
MS;1998;4.7162561;2751335;2000
MT;1956;3.0999999;656000;1975
MT;1957;3;667000;1975
MT;1958;3;666000;1975
MT;1959;3.0999999;669000;1975
MT;1960;3;679000;1975
MT;1961;2.9000001;696000;1975
MT;1962;2.8;698000;1975
MT;1963;2.7;703000;1975
MT;1964;2.8;706000;1975
MT;1965;2.8;706000;1975
MT;1966;3;707000;1975
MT;1967;3.4000001;701000;1975
MT;1968;3.7;700000;1975
MT;1969;4;694000;1975
MT;1970;4.4000001;694409;1975
MT;1971;4.6999998;710814;1975
MT;1972;5;718732;1975
MT;1973;5.1999998;726798;1975
MT;1974;5.3000002;736419;1975
MT;1975;5.6999998;748208;1975
MT;1976;6.4000001;757317;1975
MT;1977;6.0999999;769953;1975
MT;1978;6.1999998;782317;1975
MT;1979;6.5;787305;1975
MT;1980;6.3000002;786690;1975
MT;1981;6.3000002;795328;1975
MT;1982;5.6999998;803986;1975
MT;1983;5.5999999;814031;1975
MT;1984;5.3000002;820905;1975
MT;1985;5.1999998;822320;1975
MT;1986;5.3000002;813739;1975
MT;1987;5.0999999;805063;1975
MT;1988;5.0999999;800202;1975
MT;1989;5.0999999;799636;1975
MT;1990;5.0999999;799824;1975
MT;1991;5.4466434;807837;1975
MT;1992;5.2283702;822436;1975
MT;1993;4.9447775;839876;1975
MT;1994;5.0530868;854923;1975
MT;1995;4.8358016;868522;1975
MT;1996;4.9050026;876656;1975
MT;1997;4.581737;878706;1975
MT;1998;3.8099763;879533;1975
NC;1956;;4309000;2000
NC;1957;;4368000;2000
NC;1958;1.2;4376000;2000
NC;1959;1.4;4458000;2000
NC;1960;1.3;4573000;2000
NC;1961;1.4;4663000;2000
NC;1962;1.4;4707000;2000
NC;1963;1.5;4742000;2000
NC;1964;1.5;4802000;2000
NC;1965;2.3;4863000;2000
NC;1966;2.3;4896000;2000
NC;1967;2.4000001;4952000;2000
NC;1968;2.4000001;5004000;2000
NC;1969;2.5;5031000;2000
NC;1970;2.7;5084411;2000
NC;1971;3;5203531;2000
NC;1972;3.3;5301150;2000
NC;1973;3.4000001;5389852;2000
NC;1974;3.7;5470911;2000
NC;1975;4;5547188;2000
NC;1976;4.3000002;5607964;2000
NC;1977;4.4000001;5685607;2000
NC;1978;4.5999999;5759492;2000
NC;1979;4.6999998;5823491;2000
NC;1980;4.8000002;5881766;2000
NC;1981;5;5956653;2000
NC;1982;4.9000001;6019101;2000
NC;1983;5;6077056;2000
NC;1984;4.8000002;6164006;2000
NC;1985;4.8000002;6253954;2000
NC;1986;5;6321578;2000
NC;1987;4.9000001;6403700;2000
NC;1988;5;6480594;2000
NC;1989;4.9000001;6565459;2000
NC;1990;5.0999999;6656987;2000
NC;1991;5.0087914;6748135;2000
NC;1992;5.2987113;6831850;2000
NC;1993;5.2238159;6947412;2000
NC;1994;4.9464951;7060959;2000
NC;1995;5.1493282;7185403;2000
NC;1996;4.9126549;7307658;2000
NC;1997;4.9525676;7428672;2000
NC;1998;4.8811078;7545828;2000
ND;1956;.80000001;613000;1971
ND;1957;.89999998;612000;1971
ND;1958;.80000001;606000;1971
ND;1959;1;618000;1971
ND;1960;.89999998;634000;1971
ND;1961;1;641000;1971
ND;1962;1;637000;1971
ND;1963;1.1;644000;1971
ND;1964;1.2;649000;1971
ND;1965;1.1;649000;1971
ND;1966;1.2;647000;1971
ND;1967;1.4;626000;1971
ND;1968;1.4;621000;1971
ND;1969;1.5;621000;1971
ND;1970;1.6;617792;1971
ND;1971;1.9;626760;1971
ND;1972;2.0999999;631119;1971
ND;1973;2.3;632675;1971
ND;1974;2.5;634559;1971
ND;1975;2.7;638886;1971
ND;1976;2.9000001;645797;1971
ND;1977;3;649769;1971
ND;1978;3.2;651301;1971
ND;1979;3.2;652896;1971
ND;1980;3.3;652717;1971
ND;1981;3.5;659505;1971
ND;1982;3.3;668972;1971
ND;1983;3.4000001;676688;1971
ND;1984;3.3;680497;1971
ND;1985;3.4000001;676980;1971
ND;1986;3.3;669512;1971
ND;1987;3.4000001;661136;1971
ND;1988;3.5;655331;1971
ND;1989;3.5;646351;1971
ND;1990;3.5999999;637364;1971
ND;1991;3.4689426;634199;1971
ND;1992;3.6196132;635427;1971
ND;1993;3.4540174;637229;1971
ND;1994;3.4903605;639762;1971
ND;1995;3.4292057;641548;1971
ND;1996;3.4222176;642858;1971
ND;1997;3.195282;640945;1971
ND;1998;3.2721446;637808;1971
NE;1956;1.6;1397000;1972
NE;1957;1.6;1394000;1972
NE;1958;1.5;1383000;1972
NE;1959;1.6;1397000;1972
NE;1960;1.5;1417000;1972
NE;1961;1.6;1446000;1972
NE;1962;1.6;1464000;1972
NE;1963;1.7;1476000;1972
NE;1964;1.7;1482000;1972
NE;1965;1.7;1471000;1972
NE;1966;1.8;1456000;1972
NE;1967;2;1457000;1972
NE;1968;2.0999999;1467000;1972
NE;1969;2.3;1474000;1972
NE;1970;2.5;1485333;1972
NE;1971;2.7;1504604;1972
NE;1972;2.9000001;1519013;1972
NE;1973;3.2;1529567;1972
NE;1974;3.4000001;1539191;1972
NE;1975;3.5999999;1543117;1972
NE;1976;3.8;1550911;1972
NE;1977;3.9000001;1556842;1972
NE;1978;3.9000001;1563884;1972
NE;1979;4;1567344;1972
NE;1980;4.0999999;1569825;1972
NE;1981;4.3000002;1578515;1972
NE;1982;4;1581780;1972
NE;1983;3.9000001;1584293;1972
NE;1984;4;1588639;1972
NE;1985;4;1584664;1972
NE;1986;3.9000001;1574333;1972
NE;1987;3.9000001;1566547;1972
NE;1988;3.9000001;1571477;1972
NE;1989;4;1574864;1972
NE;1990;4.0999999;1580664;1972
NE;1991;4.0859818;1590805;1972
NE;1992;4.1188064;1602406;1972
NE;1993;4.061039;1612149;1972
NE;1994;3.9061368;1621551;1972
NE;1995;3.8528764;1635142;1972
NE;1996;3.7022269;1647657;1972
NE;1997;3.7535279;1656042;1972
NE;1998;3.8391783;1660772;1972
NH;1956;1.9;566000;1971
NH;1957;1.8;572000;1971
NH;1958;1.7;581000;1971
NH;1959;1.8;596000;1971
NH;1960;1.8;609000;1971
NH;1961;1.8;618000;1971
NH;1962;2.2;632000;1971
NH;1963;2.0999999;649000;1971
NH;1964;2.2;663000;1971
NH;1965;2.3;676000;1971
NH;1966;2.5;681000;1971
NH;1967;2.5;697000;1971
NH;1968;3;709000;1971
NH;1969;3.2;724000;1971
NH;1970;3.3;737681;1971
NH;1971;3.9000001;761851;1971
NH;1972;4.0999999;781107;1971
NH;1973;4.8000002;800951;1971
NH;1974;5;815914;1971
NH;1975;5.0999999;828555;1971
NH;1976;5.0999999;845248;1971
NH;1977;5.0999999;869763;1971
NH;1978;5.3000002;891520;1971
NH;1979;5.8000002;909074;1971
NH;1980;5.6999998;920610;1971
NH;1981;5.5999999;936621;1971
NH;1982;5.3000002;947719;1971
NH;1983;5;958134;1971
NH;1984;5.0999999;976864;1971
NH;1985;4.9000001;996753;1971
NH;1986;4.8000002;1025053;1971
NH;1987;4.6999998;1054289;1971
NH;1988;4.5;1082577;1971
NH;1989;4.5;1104522;1971
NH;1990;4.5;1111831;1971
NH;1991;4.4261575;1107055;1971
NH;1992;4.9426384;1112766;1971
NH;1993;4.492105;1122191;1971
NH;1994;4.4437423;1133054;1971
NH;1995;4.2772198;1145604;1971
NH;1996;4.3074927;1160768;1971
NH;1997;4.7739635;1173239;1971
NH;1998;5.9207826;1185823;1971
NJ;1956;.89999998;5615000;2000
NJ;1957;.80000001;5737000;2000
NJ;1958;.69999999;5890000;2000
NJ;1959;.69999999;6015000;2000
NJ;1960;.80000001;6103000;2000
NJ;1961;.80000001;6265000;2000
NJ;1962;.80000001;6376000;2000
NJ;1963;.80000001;6531000;2000
NJ;1964;.80000001;6660000;2000
NJ;1965;.80000001;6767000;2000
NJ;1966;1;6851000;2000
NJ;1967;1;6928000;2000
NJ;1968;1.1;7005000;2000
NJ;1969;1.5;7095000;2000
NJ;1970;1.5;7171112;2000
NJ;1971;1.8;7281107;2000
NJ;1972;2.4000001;7335042;2000
NJ;1973;3;7333083;2000
NJ;1974;2.7;7332411;2000
NJ;1975;2.5999999;7337765;2000
NJ;1976;3;7339745;2000
NJ;1977;2.8;7337169;2000
NJ;1978;3.5999999;7350804;2000
NJ;1979;3.2;7366512;2000
NJ;1980;3.8;7364823;2000
NJ;1981;3.7;7407472;2000
NJ;1982;3.7;7430968;2000
NJ;1983;3.5999999;7467785;2000
NJ;1984;3.8;7515473;2000
NJ;1985;3.9000001;7565528;2000
NJ;1986;3.5999999;7622159;2000
NJ;1987;3.5;7670742;2000
NJ;1988;3.5;7712333;2000
NJ;1989;3.4000001;7726089;2000
NJ;1990;3.5;7757158;2000
NJ;1991;;7784269;2000
NJ;1992;3.2448578;7827770;2000
NJ;1993;3.0348356;7874891;2000
NJ;1994;3.1297686;7918796;2000
NJ;1995;3.0506473;7965523;2000
NJ;1996;3.1212451;8009624;2000
NJ;1997;3.1706526;8054178;2000
NJ;1998;3.1245592;8095542;2000
NM;1956;2.8;806000;1973
NM;1957;3.5;847000;1973
NM;1958;3.0999999;886000;1973
NM;1959;2.2337246;919000;1973
NM;1960;3;954000;1973
NM;1961;3.4000001;965000;1973
NM;1962;3.7;979000;1973
NM;1963;3.5;989000;1973
NM;1964;3.2244675;1006000;1973
NM;1965;3.5999999;1012000;1973
NM;1966;3.0022938;1007000;1973
NM;1967;1.5188422;1000000;1973
NM;1968;;994000;1973
NM;1969;;1011000;1973
NM;1970;4.3000002;1017055;1973
NM;1971;;1053737;1973
NM;1972;;1078697;1973
NM;1973;;1105529;1973
NM;1974;7;1131309;1973
NM;1975;7.1999998;1159944;1973
NM;1976;7.5999999;1189295;1973
NM;1977;7.5;1215720;1973
NM;1978;7.6999998;1238034;1973
NM;1979;7.8000002;1284722;1973
NM;1980;8;1302894;1973
NM;1981;;1332748;1973
NM;1982;;1363823;1973
NM;1983;8.5;1394361;1973
NM;1984;7.9000001;1416717;1973
NM;1985;9.1000004;1438361;1973
NM;1986;;1462729;1973
NM;1987;;1478520;1973
NM;1988;5.5999999;1490337;1973
NM;1989;5.9000001;1503901;1973
NM;1990;6.0999999;1519933;1973
NM;1991;5.6233702;1547115;1973
NM;1992;6.1363277;1580750;1973
NM;1993;6.1191239;1614937;1973
NM;1994;6.0145321;1653329;1973
NM;1995;6.7165275;1682417;1973
NM;1996;6.388649;1706151;1973
NM;1997;5.5736156;1722939;1973
NM;1998;4.4227548;1733535;1973
NV;1956;36.599998;250000;1973
NV;1957;36;260000;1973
NV;1958;35;269000;1973
NV;1959;34.099998;279000;1973
NV;1960;29.6;291000;1973
NV;1961;26.4;315000;1973
NV;1962;27.1;352000;1973
NV;1963;24.799999;397000;1973
NV;1964;28.299999;426000;1973
NV;1965;23;444000;1973
NV;1966;21.4;446000;1973
NV;1967;22.299999;449000;1973
NV;1968;22.5;464000;1973
NV;1969;24;480000;1973
NV;1970;18.700001;488738;1973
NV;1971;18.200001;520018;1973
NV;1972;21.299999;546789;1973
NV;1973;17.5;568991;1973
NV;1974;20.200001;596822;1973
NV;1975;17;619972;1973
NV;1976;15.9;646975;1973
NV;1977;15.2;678333;1973
NV;1978;15.6;719436;1973
NV;1979;15.4;765367;1973
NV;1980;17.299999;800493;1973
NV;1981;17.6;847655;1973
NV;1982;14.9;881537;1973
NV;1983;15;901977;1973
NV;1984;15.2;924922;1973
NV;1985;14.2;951030;1973
NV;1986;13.9;980613;1973
NV;1987;13.8;1023376;1973
NV;1988;13.2;1075022;1973
NV;1989;11.6;1137382;1973
NV;1990;10.8;1218629;1973
NV;1991;;1285046;1973
NV;1992;;1330694;1973
NV;1993;9.4631414;1380197;1973
NV;1994;;1456388;1973
NV;1995;8.1270065;1525777;1973
NV;1996;9.9594355;1596476;1973
NV;1997;10.440557;1675581;1973
NV;1998;8.4976702;1743772;1973
NY;1956;;16112000;2000
NY;1957;;16374000;2000
NY;1958;.5;16601000;2000
NY;1959;.5;16685000;2000
NY;1960;.40000001;16838000;2000
NY;1961;.40000001;17061000;2000
NY;1962;.40000001;17301000;2000
NY;1963;.40000001;17461000;2000
NY;1964;.40000001;17589000;2000
NY;1965;.5;17734000;2000
NY;1966;.40000001;17843000;2000
NY;1967;.40000001;17935000;2000
NY;1968;.80000001;18051000;2000
NY;1969;1.2;18105000;2000
NY;1970;1.4;18241391;2000
NY;1971;1.8;18357982;2000
NY;1972;2.2;18339400;2000
NY;1973;2.5999999;18177063;2000
NY;1974;3;18049775;2000
NY;1975;3.0999999;18003485;2000
NY;1976;3;17940541;2000
NY;1977;3.0999999;17812602;2000
NY;1978;3.3;17680589;2000
NY;1979;3.7;17583838;2000
NY;1980;3.5;17558072;2000
NY;1981;3.5999999;17567734;2000
NY;1982;3.5999999;17589738;2000
NY;1983;3.5999999;17686905;2000
NY;1984;3.5999999;17745684;2000
NY;1985;3.8;17791672;2000
NY;1986;3.7;17833419;2000
NY;1987;3.8;17868848;2000
NY;1988;3.5;17941309;2000
NY;1989;3.4000001;17983086;2000
NY;1990;3.2;18002855;2000
NY;1991;3.0838294;18029532;2000
NY;1992;3.1523006;18082032;2000
NY;1993;3.2630696;18140894;2000
NY;1994;3.1244197;18156652;2000
NY;1995;3.0852418;18150928;2000
NY;1996;3.351006;18143805;2000
NY;1997;3.6101711;18143184;2000
NY;1998;2.5210948;18159175;2000
OH;1956;2.3;9207000;2000
OH;1957;2.4000001;9410000;2000
OH;1958;2.2;9599000;2000
OH;1959;2.3;9671000;2000
OH;1960;2.4000001;9734000;2000
OH;1961;2.3;9854000;2000
OH;1962;2.3;9929000;2000
OH;1963;2.4000001;9986000;2000
OH;1964;2.5;10080000;2000
OH;1965;2.5;10201000;2000
OH;1966;2.7;10330000;2000
OH;1967;2.8;10414000;2000
OH;1968;3;10516000;2000
OH;1969;3.3;10563000;2000
OH;1970;3.7;10657423;2000
OH;1971;3.9000001;10734818;2000
OH;1972;4.1999998;10746993;2000
OH;1973;4.5;10767314;2000
OH;1974;4.5999999;10765759;2000
OH;1975;4.9000001;10770425;2000
OH;1976;5.5;10752662;2000
OH;1977;5.3000002;10771394;2000
OH;1978;5.5;10795581;2000
OH;1979;5.5;10798298;2000
OH;1980;5.4000001;10797630;2000
OH;1981;5.4000001;10788330;2000
OH;1982;4.9000001;10757087;2000
OH;1983;5;10737632;2000
OH;1984;5;10737746;2000
OH;1985;4.9000001;10734926;2000
OH;1986;4.8000002;10730268;2000
OH;1987;4.5999999;10760090;2000
OH;1988;4.5;10798552;2000
OH;1989;4.5;10829217;2000
OH;1990;4.9000001;10861837;2000
OH;1991;4.9663048;10933683;2000
OH;1992;4.8602743;11007609;2000
OH;1993;4.5136642;11070385;2000
OH;1994;4.6117291;11111451;2000
OH;1995;4.3655624;11155493;2000
OH;1996;3.9867589;11187032;2000
OH;1997;4.2105694;11212498;2000
OH;1998;4.0970826;11237752;2000
OK;1956;5.5999999;2273000;1953
OK;1957;5.4000001;2282000;1953
OK;1958;5.5;2267000;1953
OK;1959;5.6999998;2289000;1953
OK;1960;4.5999999;2336000;1953
OK;1961;4.6999998;2380000;1953
OK;1962;4.5999999;2427000;1953
OK;1963;4.8000002;2439000;1953
OK;1964;5;2446000;1953
OK;1965;4.8000002;2440000;1953
OK;1966;4.9000001;2454000;1953
OK;1967;5.0999999;2489000;1953
OK;1968;5.6999998;2503000;1953
OK;1969;6.0999999;2535000;1953
OK;1970;6.5999999;2559463;1953
OK;1971;6.3000002;2618601;1953
OK;1972;6.9000001;2658646;1953
OK;1973;7.4000001;2695931;1953
OK;1974;8.1999998;2734768;1953
OK;1975;7.4000001;2774683;1953
OK;1976;7.5999999;2826815;1953
OK;1977;7.5999999;2870014;1953
OK;1978;7.6999998;2917336;1953
OK;1979;7.6999998;2975310;1953
OK;1980;8;3025290;1953
OK;1981;8.1000004;3096164;1953
OK;1982;7.4000001;3206123;1953
OK;1983;7.1999998;3290402;1953
OK;1984;7.3000002;3285533;1953
OK;1985;8;3271332;1953
OK;1986;7.5;3252735;1953
OK;1987;7.3000002;3210122;1953
OK;1988;7.0999999;3167057;1953
OK;1989;7.3000002;3150307;1953
OK;1990;7.9000001;3147105;1953
OK;1991;7.4530921;3166471;1953
OK;1992;7.3029742;3204174;1953
OK;1993;6.7687078;3228829;1953
OK;1994;7.0188432;3246119;1953
OK;1995;6.6757574;3265547;1953
OK;1996;5.8669143;3289634;1953
OK;1997;5.7653913;3314259;1953
OK;1998;5.9802761;3339478;1953
OR;1956;3.4000001;1698000;1973
OR;1957;3;1712000;1973
OR;1958;3.2;1718000;1973
OR;1959;3.4000001;1746000;1973
OR;1960;3.2;1772000;1973
OR;1961;3.4000001;1787000;1973
OR;1962;3.3;1818000;1973
OR;1963;3.3;1853000;1973
OR;1964;3.4000001;1888000;1973
OR;1965;3.2;1937000;1973
OR;1966;3.5;1969000;1973
OR;1967;3.8;1979000;1973
OR;1968;4.0999999;2004000;1973
OR;1969;4.3000002;2062000;1973
OR;1970;4.5999999;2091533;1973
OR;1971;5;2151022;1973
OR;1972;5.3000002;2197297;1973
OR;1973;5.5;2241932;1973
OR;1974;5.9000001;2285013;1973
OR;1975;6.6999998;2329661;1973
OR;1976;6.8000002;2378262;1973
OR;1977;6.6999998;2446673;1973
OR;1978;6.8000002;2518298;1973
OR;1979;6.8000002;2588012;1973
OR;1980;6.6999998;2633105;1973
OR;1981;6.6999998;2667982;1973
OR;1982;6.3000002;2664922;1973
OR;1983;6.0999999;2653066;1973
OR;1984;5.8000002;2666588;1973
OR;1985;5.9000001;2672652;1973
OR;1986;5.8000002;2683528;1973
OR;1987;5.6999998;2700991;1973
OR;1988;5.5;2741297;1973
OR;1989;5.4000001;2790575;1973
OR;1990;5.5;2858547;1973
OR;1991;5.2419791;2918745;1973
OR;1992;5.3464537;2973934;1973
OR;1993;5.3738847;3034490;1973
OR;1994;5.1730695;3087142;1973
OR;1995;4.774909;3141421;1973
OR;1996;4.6947079;3195087;1973
OR;1997;4.5534515;3243254;1973
OR;1998;4.6336823;3282055;1973
PA;1956;1.1;10972000;2000
PA;1957;1;10954000;2000
PA;1958;1.1;11058000;2000
PA;1959;1.2;11234000;2000
PA;1960;1.3;11329000;2000
PA;1961;1.2;11392000;2000
PA;1962;1.3;11355000;2000
PA;1963;1.3;11424000;2000
PA;1964;1.4;11519000;2000
PA;1965;1.4;11620000;2000
PA;1966;1.5;11664000;2000
PA;1967;1.6;11681000;2000
PA;1968;1.7;11741000;2000
PA;1969;1.8;11741000;2000
PA;1970;1.9;11800766;2000
PA;1971;2.0999999;11886400;2000
PA;1972;2.3;11908233;2000
PA;1973;2.5999999;11890527;2000
PA;1974;2.7;11870884;2000
PA;1975;2.9000001;11906095;2000
PA;1976;3.0999999;11897378;2000
PA;1977;3.2;11893591;2000
PA;1978;3.2;11879396;2000
PA;1979;3.4000001;11887975;2000
PA;1980;2.9000001;11863895;2000
PA;1981;3.3;11858567;2000
PA;1982;3.5;11845146;2000
PA;1983;3.4000001;11837723;2000
PA;1984;3.4000001;11815172;2000
PA;1985;3.4000001;11770862;2000
PA;1986;3.4000001;11782752;2000
PA;1987;3.3;11810866;2000
PA;1988;3.2;11845752;2000
PA;1989;3.2;11865996;2000
PA;1990;3.4000001;11895604;2000
PA;1991;3.3575704;11943160;2000
PA;1992;3.3303232;11980819;2000
PA;1993;3.3305252;12022128;2000
PA;1994;3.3081877;12042545;2000
PA;1995;3.2711265;12044780;2000
PA;1996;3.1815896;12038008;2000
PA;1997;3.2205694;12015888;2000
PA;1998;3.2084606;12002329;2000
RI;1956;1.1;840000;1976
RI;1957;1.1;851000;1976
RI;1958;1.1;858000;1976
RI;1959;1.2;857000;1976
RI;1960;1.1;855000;1976
RI;1961;1.2;858000;1976
RI;1962;1.1;871000;1976
RI;1963;1.2;876000;1976
RI;1964;1.2;885000;1976
RI;1965;1.3;893000;1976
RI;1966;1.4;899000;1976
RI;1967;1;909000;1976
RI;1968;1.1;922000;1976
RI;1969;1.4;932000;1976
RI;1970;1.8;949723;1976
RI;1971;1.9;963107;1976
RI;1972;2.0999999;974790;1976
RI;1973;2.5;975738;1976
RI;1974;2.5999999;950615;1976
RI;1975;2.8;942788;1976
RI;1976;3.4000001;946089;1976
RI;1977;3.5999999;950230;1976
RI;1978;3.5999999;951816;1976
RI;1979;3.8;950382;1976
RI;1980;3.8;947154;1976
RI;1981;3.5999999;953013;1976
RI;1982;3.8;954170;1976
RI;1983;3.7;956382;1976
RI;1984;3.8;961894;1976
RI;1985;3.8;968955;1976
RI;1986;3.8;977341;1976
RI;1987;3.7;989604;1976
RI;1988;3.8;996408;1976
RI;1989;3.5999999;1000666;1976
RI;1990;3.7;1004649;1976
RI;1991;3.2868853;1003990;1976
RI;1992;3.5979457;1000571;1976
RI;1993;3.2379551;997852;1976
RI;1994;3.3832891;993412;1976
RI;1995;3.7403848;989203;1976
RI;1996;3.239332;987858;1976
RI;1997;3.2037578;986966;1976
RI;1998;3.2044013;987704;1976
SC;1956;1.2;2229000;2000
SC;1957;1.2;2274000;2000
SC;1958;1.2;2304000;2000
SC;1959;1.3;2348000;2000
SC;1960;1.3;2392000;2000
SC;1961;1.3;2409000;2000
SC;1962;1.1;2423000;2000
SC;1963;1;2460000;2000
SC;1964;1;2475000;2000
SC;1965;1.2;2494000;2000
SC;1966;1.2;2520000;2000
SC;1967;1.4;2533000;2000
SC;1968;1.7;2559000;2000
SC;1969;2;2570000;2000
SC;1970;2.3;2590713;2000
SC;1971;2.5;2662269;2000
SC;1972;2.8;2719197;2000
SC;1973;3;2776605;2000
SC;1974;3.0999999;2844749;2000
SC;1975;3.3;2902028;2000
SC;1976;3.5999999;2943657;2000
SC;1977;3.5999999;2991681;2000
SC;1978;3.9000001;3044364;2000
SC;1979;4.5;3090267;2000
SC;1980;4.4000001;3121820;2000
SC;1981;4.4000001;3179255;2000
SC;1982;4.1999998;3207614;2000
SC;1983;4.1999998;3234066;2000
SC;1984;4.0999999;3271868;2000
SC;1985;4;3303209;2000
SC;1986;4;3342758;2000
SC;1987;4;3380506;2000
SC;1988;4.1999998;3412096;2000
SC;1989;4.4000001;3456775;2000
SC;1990;4.5999999;3499064;2000
SC;1991;4.1298285;3559470;2000
SC;1992;4.4159603;3600576;2000
SC;1993;4.2099247;3634507;2000
SC;1994;4.1211457;3666456;2000
SC;1995;4.0000615;3699943;2000
SC;1996;4.0652862;3738974;2000
SC;1997;4.0220938;3790066;2000
SC;1998;3.8045847;3839578;2000
SD;1956;1.2;670000;1985
SD;1957;.89999998;666000;1985
SD;1958;1;656000;1985
SD;1959;1.1;667000;1985
SD;1960;1.2;683000;1985
SD;1961;1.2;693000;1985
SD;1962;1.2;705000;1985
SD;1963;1.3;708000;1985
SD;1964;1.4;701000;1985
SD;1965;1.5;692000;1985
SD;1966;1.4;683000;1985
SD;1967;1.6;671000;1985
SD;1968;1.9;669000;1985
SD;1969;1.9;668000;1985
SD;1970;2;666257;1985
SD;1971;2.0999999;671297;1985
SD;1972;2.4000001;677234;1985
SD;1973;2.7;678715;1985
SD;1974;3;679585;1985
SD;1975;3.3;681042;1985
SD;1976;3.4000001;686390;1985
SD;1977;3.5;688480;1985
SD;1978;3.5999999;688580;1985
SD;1979;3.9000001;688335;1985
SD;1980;4.0999999;690768;1985
SD;1981;4;689584;1985
SD;1982;3.7;690597;1985
SD;1983;3.7;693008;1985
SD;1984;3.5;697249;1985
SD;1985;3.5999999;698402;1985
SD;1986;3.5999999;696034;1985
SD;1987;3.8;696036;1985
SD;1988;3.7;698165;1985
SD;1989;3.8;696701;1985
SD;1990;3.8;696667;1985
SD;1991;3.9917598;701445;1985
SD;1992;4.092011;708698;1985
SD;1993;4.2191501;716258;1985
SD;1994;3.9970236;723038;1985
SD;1995;3.9821434;728251;1985
SD;1996;3.695092;730699;1985
SD;1997;3.7572432;730855;1985
SD;1998;3.5454831;730789;1985
TN;1956;2.4000001;3415000;2000
TN;1957;2.5;3434000;2000
TN;1958;2.5;3471000;2000
TN;1959;2.5999999;3522000;2000
TN;1960;2.5;3575000;2000
TN;1961;2.5999999;3622000;2000
TN;1962;2.5999999;3673000;2000
TN;1963;2.8;3718000;2000
TN;1964;2.8;3771000;2000
TN;1965;2.9000001;3798000;2000
TN;1966;3;3822000;2000
TN;1967;3.2;3859000;2000
TN;1968;3.4000001;3878000;2000
TN;1969;3.9000001;3897000;2000
TN;1970;4.0999999;3926018;2000
TN;1971;4.4000001;4013608;2000
TN;1972;5;4094611;2000
TN;1973;5.3000002;4147401;2000
TN;1974;5.5999999;4213509;2000
TN;1975;6.9000001;4275566;2000
TN;1976;6.1999998;4346928;2000
TN;1977;6.1999998;4422921;2000
TN;1978;6.4000001;4486314;2000
TN;1979;6.5999999;4560473;2000
TN;1980;6.5999999;4591120;2000
TN;1981;6.6999998;4627658;2000
TN;1982;6.4000001;4646041;2000
TN;1983;6.3000002;4659749;2000
TN;1984;6.3000002;4686737;2000
TN;1985;6.3000002;4715296;2000
TN;1986;6.3000002;4738708;2000
TN;1987;6.1999998;4782927;2000
TN;1988;6.4000001;4822437;2000
TN;1989;6.5999999;4854444;2000
TN;1990;6.5999999;4890626;2000
TN;1991;6.5697894;4946886;2000
TN;1992;6.7610703;5013999;2000
TN;1993;6.7182941;5085666;2000
TN;1994;6.4301562;5163016;2000
TN;1995;6.3153863;5241168;2000
TN;1996;6.4739828;5313576;2000
TN;1997;5.4772458;5378433;2000
TN;1998;6.3521147;5432679;2000
TX;1956;3.8;8830000;1974
TX;1957;3.8;9070000;1974
TX;1958;3.5999999;9252000;1974
TX;1959;3.8;9405000;1974
TX;1960;3.5999999;9624000;1974
TX;1961;3.5999999;9820000;1974
TX;1962;3.5999999;10053000;1974
TX;1963;3.8;10159000;1974
TX;1964;3.9000001;10270000;1974
TX;1965;3.9000001;10378000;1974
TX;1966;4;10492000;1974
TX;1967;4.1999998;10599000;1974
TX;1968;4.5;10819000;1974
TX;1969;4.1999998;11045000;1974
TX;1970;4.5999999;11198655;1974
TX;1971;4.8000002;11509848;1974
TX;1972;5.0999999;11759148;1974
TX;1973;5.3000002;12019543;1974
TX;1974;5.6999998;12268629;1974
TX;1975;6.0999999;12568843;1974
TX;1976;6.1999998;12904089;1974
TX;1977;6.1999998;13193050;1974
TX;1978;6.4000001;13500429;1974
TX;1979;6.6999998;13888371;1974
TX;1980;6.8000002;14229191;1974
TX;1981;6.9000001;14746318;1974
TX;1982;6.4000001;15331415;1974
TX;1983;6.1999998;15751676;1974
TX;1984;6.1999998;16007086;1974
TX;1985;6.0999999;16272734;1974
TX;1986;5.9000001;16561113;1974
TX;1987;5.6999998;16621791;1974
TX;1988;5.5999999;16667022;1974
TX;1989;5.5999999;16806735;1974
TX;1990;5.5;17044714;1974
TX;1991;6.1361356;17339904;1974
TX;1992;5.6089129;17650479;1974
TX;1993;5.5050454;17996764;1974
TX;1994;5.379446;18338319;1974
TX;1995;5.3480501;18679706;1974
TX;1996;;19006240;1974
TX;1997;4.9355664;19355427;1974
TX;1998;4.1769671;19712389;1974
UT;1956;2.7;809000;2000
UT;1957;1.6;826000;2000
UT;1958;1.5;845000;2000
UT;1959;1.5;870000;2000
UT;1960;2.4000001;900000;2000
UT;1961;2.5;936000;2000
UT;1962;2.5999999;958000;2000
UT;1963;2.7;974000;2000
UT;1964;3;978000;2000
UT;1965;2.9000001;994000;2000
UT;1966;3.0999999;1009000;2000
UT;1967;3.2;1019000;2000
UT;1968;3.3;1029000;2000
UT;1969;3.7;1047000;2000
UT;1970;3.7;1059273;2000
UT;1971;4;1101192;2000
UT;1972;4.3000002;1135449;2000
UT;1973;4.5;1170040;2000
UT;1974;4.6999998;1200471;2000
UT;1975;5;1236030;2000
UT;1976;4.9000001;1274928;2000
UT;1977;5.3000002;1319512;2000
UT;1978;5.1999998;1367510;2000
UT;1979;5.4000001;1420238;2000
UT;1980;5.3000002;1461037;2000
UT;1981;5.3000002;1515471;2000
UT;1982;5.4000001;1558314;2000
UT;1983;5.3000002;1594943;2000
UT;1984;5;1622342;2000
UT;1985;5.3000002;1642910;2000
UT;1986;5.1999998;1662834;2000
UT;1987;5.3000002;1678119;2000
UT;1988;4.8000002;1689372;2000
UT;1989;4.8000002;1705864;2000
UT;1990;5.1999998;1729722;2000
UT;1991;4.7405643;1771941;2000
UT;1992;5.3252873;1821498;2000
UT;1993;4.796926;1875993;2000
UT;1994;4.6041412;1930436;2000
UT;1995;4.502285;1976774;2000
UT;1996;4.5988312;2022253;2000
UT;1997;4.4369192;2065397;2000
UT;1998;4.206017;2100562;2000
VA;1956;1.9;3722000;2000
VA;1957;1.7;3844000;2000
VA;1958;1.7;3914000;2000
VA;1959;1.8;3951000;2000
VA;1960;1.9;3986000;2000
VA;1961;1.8;4095000;2000
VA;1962;1.8;4180000;2000
VA;1963;1.9;4276000;2000
VA;1964;2;4357000;2000
VA;1965;2;4411000;2000
VA;1966;2.0999999;4456000;2000
VA;1967;2.0999999;4508000;2000
VA;1968;2.3;4558000;2000
VA;1969;2.4000001;4614000;2000
VA;1970;2.5999999;4651448;2000
VA;1971;2.8;4750838;2000
VA;1972;2.9000001;4824472;2000
VA;1973;3.3;4901292;2000
VA;1974;3.4000001;4971069;2000
VA;1975;3.9000001;5047395;2000
VA;1976;4.1999998;5121863;2000
VA;1977;4.0999999;5193112;2000
VA;1978;4.3000002;5270240;2000
VA;1979;4.4000001;5307945;2000
VA;1980;4.4000001;5346818;2000
VA;1981;4.5999999;5444097;2000
VA;1982;4.8000002;5492783;2000
VA;1983;4.5999999;5564657;2000
VA;1984;4.4000001;5643870;2000
VA;1985;4.1999998;5715153;2000
VA;1986;4.3000002;5811700;2000
VA;1987;4.3000002;5932268;2000
VA;1988;4.3000002;6036909;2000
VA;1989;4.1999998;6120246;2000
VA;1990;4.4000001;6213526;2000
VA;1991;4.4876924;6283853;2000
VA;1992;4.6527548;6383315;2000
VA;1993;4.6429935;6464795;2000
VA;1994;4.5072713;6536771;2000
VA;1995;4.3778644;6601392;2000
VA;1996;4.2907567;6665491;2000
VA;1997;4.6520967;6732878;2000
VA;1998;4.4136114;6789225;2000
VT;1956;1.4;377000;2000
VT;1957;1.4;376000;2000
VT;1958;1.3;380000;2000
VT;1959;1.3;387000;2000
VT;1960;1.2;389000;2000
VT;1961;1.2;390000;2000
VT;1962;1.2;393000;2000
VT;1963;1.3;397000;2000
VT;1964;1.5;399000;2000
VT;1965;1.5;404000;2000
VT;1966;1.5;413000;2000
VT;1967;1.6;423000;2000
VT;1968;1.8;430000;2000
VT;1969;1.8;437000;2000
VT;1970;2.3;444732;2000
VT;1971;2.5999999;454318;2000
VT;1972;2.7;463143;2000
VT;1973;3.4000001;468430;2000
VT;1974;3.4000001;473002;2000
VT;1975;4;479713;2000
VT;1976;3.9000001;484928;2000
VT;1977;4.3000002;491931;2000
VT;1978;4.0999999;498109;2000
VT;1979;4.5;505372;2000
VT;1980;5.0999999;511456;2000
VT;1981;4.4000001;515594;2000
VT;1982;5;519109;2000
VT;1983;4.9000001;523302;2000
VT;1984;4.4000001;526660;2000
VT;1985;4.4000001;530035;2000
VT;1986;4.5;534066;2000
VT;1987;4.4000001;540267;2000
VT;1988;4.5999999;549763;2000
VT;1989;4.5;557707;2000
VT;1990;4.4000001;564526;2000
VT;1991;4.7607207;567141;2000
VT;1992;5.2620964;570115;2000
VT;1993;4.0348153;574004;2000
VT;1994;4.7780271;578900;2000
VT;1995;4.8041701;582827;2000
VT;1996;4.2636504;586352;2000
VT;1997;4.7208514;588665;2000
VT;1998;4.3330359;590579;2000
WA;1956;3.2;2668000;1973
WA;1957;4.6999998;2724000;1973
WA;1958;3.2;2773000;1973
WA;1959;3.3;2821000;1973
WA;1960;3.3;2855000;1973
WA;1961;3.2;2882000;1973
WA;1962;3.3;2942000;1973
WA;1963;3.4000001;2955000;1973
WA;1964;3.7;2961000;1973
WA;1965;3.9000001;2967000;1973
WA;1966;3.8;3057000;1973
WA;1967;4;3174000;1973
WA;1968;4.8000002;3270000;1973
WA;1969;4.9000001;3343000;1973
WA;1970;5.1999998;3413244;1973
WA;1971;5.5999999;3447553;1973
WA;1972;6;3447885;1973
WA;1973;6.1999998;3478782;1973
WA;1974;6.6999998;3549946;1973
WA;1975;7.0999999;3621339;1973
WA;1976;7.3000002;3693610;1973
WA;1977;7.0999999;3776050;1973
WA;1978;6.8000002;3889073;1973
WA;1979;6.6999998;4017632;1973
WA;1980;6.9000001;4132156;1973
WA;1981;7;4235731;1973
WA;1982;6.5;4276552;1973
WA;1983;6.4000001;4300266;1973
WA;1984;6.1999998;4343656;1973
WA;1985;6;4400098;1973
WA;1986;5.9000001;4452720;1973
WA;1987;5.9000001;4531901;1973
WA;1988;5.6999998;4639893;1973
WA;1989;5.6999998;4746316;1973
WA;1990;5.9000001;4900780;1973
WA;1991;5.8841796;5013443;1973
WA;1992;5.7209454;5139011;1973
WA;1993;5.7122126;5247704;1973
WA;1994;5.1388068;5334896;1973
WA;1995;5.4685822;5431024;1973
WA;1996;4.8094697;5509963;1973
WA;1997;5.1778116;5604105;1973
WA;1998;5.0609794;5687832;1973
WI;1956;1.2;3742000;2000
WI;1957;1.2;3791000;2000
WI;1958;1.2;3843000;2000
WI;1959;1.2;3891000;2000
WI;1960;.89999998;3962000;2000
WI;1961;1.1;4009000;2000
WI;1962;1.1;4049000;2000
WI;1963;1.2;4112000;2000
WI;1964;1.3;4165000;2000
WI;1965;1.3;4232000;2000
WI;1966;1.3;4274000;2000
WI;1967;1.4;4303000;2000
WI;1968;1.7;4345000;2000
WI;1969;1.9;4378000;2000
WI;1970;2;4417821;2000
WI;1971;2;4462155;2000
WI;1972;2.3;4502412;2000
WI;1973;2.5999999;4524244;2000
WI;1974;2.7;4545782;2000
WI;1975;2.9000001;4578986;2000
WI;1976;3.2;4595904;2000
WI;1977;3.2;4626514;2000
WI;1978;3.5;4646108;2000
WI;1979;3.7;4682811;2000
WI;1980;3.7;4705767;2000
WI;1981;3.9000001;4726343;2000
WI;1982;3.7;4728870;2000
WI;1983;3.5;4721438;2000
WI;1984;3.5;4735563;2000
WI;1985;3.5;4747767;2000
WI;1986;3.4000001;4755618;2000
WI;1987;3.5;4777919;2000
WI;1988;3.5;4822388;2000
WI;1989;3.7;4856574;2000
WI;1990;3.5999999;4902265;2000
WI;1991;3.5940173;4952675;2000
WI;1992;3.6566095;5004636;2000
WI;1993;3.4573493;5055318;2000
WI;1994;3.5052469;5095504;2000
WI;1995;3.4066548;5137004;2000
WI;1996;3.3437524;5173828;2000
WI;1997;3.2858131;5200235;2000
WI;1998;3.3827231;5222124;2000
WV;1956;;1857000;2000
WV;1957;;1843000;2000
WV;1958;1.9;1845000;2000
WV;1959;1.8;1855000;2000
WV;1960;1.9;1853000;2000
WV;1961;2.0999999;1828000;2000
WV;1962;2.0999999;1809000;2000
WV;1963;2.0999999;1796000;2000
WV;1964;2.0999999;1797000;2000
WV;1965;2.0999999;1786000;2000
WV;1966;2.2;1775000;2000
WV;1967;2.2;1769000;2000
WV;1968;2.4000001;1763000;2000
WV;1969;2.5999999;1746000;2000
WV;1970;3.2;1744237;2000
WV;1971;3.5;1770657;2000
WV;1972;3.5;1797648;2000
WV;1973;3.9000001;1806360;2000
WV;1974;4;1815447;2000
WV;1975;4.6999998;1842250;2000
WV;1976;4.6999998;1879503;2000
WV;1977;5;1908088;2000
WV;1978;5.0999999;1923395;2000
WV;1979;5.1999998;1942146;2000
WV;1980;5.3000002;1949644;2000
WV;1981;5.5;1954124;2000
WV;1982;5.1999998;1949604;2000
WV;1983;5.1999998;1945061;2000
WV;1984;4.9000001;1927697;2000
WV;1985;5.0999999;1906831;2000
WV;1986;5.0999999;1882350;2000
WV;1987;4.8000002;1857585;2000
WV;1988;5;1830215;2000
WV;1989;5.0999999;1806568;2000
WV;1990;5.4000001;1792481;2000
WV;1991;5.6166902;1798212;2000
WV;1992;5.4833612;1805462;2000
WV;1993;5.0540171;1816179;2000
WV;1994;5.3285966;1818490;2000
WV;1995;5.1632466;1820560;2000
WV;1996;4.3980622;1818983;2000
WV;1997;5.2913985;1815588;2000
WV;1998;5.1410618;1811688;2000
WY;1956;3.5999999;312000;1977
WY;1957;3.5999999;314000;1977
WY;1958;3.8;315000;1977
WY;1959;3.8;320000;1977
WY;1960;4;331000;1977
WY;1961;3.9000001;337000;1977
WY;1962;4;333000;1977
WY;1963;4.0999999;336000;1977
WY;1964;4.1999998;339000;1977
WY;1965;4.3000002;332000;1977
WY;1966;4.5999999;323000;1977
WY;1967;4.9000001;322000;1977
WY;1968;5.0999999;324000;1977
WY;1969;5.4000001;329000;1977
WY;1970;5.4000001;332416;1977
WY;1971;5.8000002;340285;1977
WY;1972;6.4000001;347345;1977
WY;1973;6.4000001;354061;1977
WY;1974;6.9000001;365501;1977
WY;1975;7.5;381695;1977
WY;1976;7.1999998;396952;1977
WY;1977;7.4000001;413354;1977
WY;1978;7.3000002;432880;1977
WY;1979;7.8000002;454378;1977
WY;1980;8.5;469557;1977
WY;1981;8.5;491712;1977
WY;1982;7.8000002;506400;1977
WY;1983;7.6999998;510345;1977
WY;1984;7.3000002;504896;1977
WY;1985;7.5;499695;1977
WY;1986;7;495633;1977
WY;1987;6.5;476965;1977
WY;1988;6.9000001;465101;1977
WY;1989;6.5999999;458374;1977
WY;1990;6.9000001;453401;1977
WY;1991;6.9908834;457739;1977
WY;1992;6.9041252;463491;1977
WY;1993;6.5475135;469033;1977
WY;1994;6.4528761;474982;1977
WY;1995;6.6883063;478447;1977
WY;1996;6.45719;480085;1977
WY;1997;6.1850171;480031;1977
WY;1998;5.9036131;480045;1977
