train;age;educ;black;hisp;married;nodegree;mosinex;re74;re75;re78;unem74;unem75;unem78;lre74;lre75;lre78;agesq;mostrn
1;37;11;1;0;1;1;13;0;0;9.9300499;1;1;0;0;0;2.2955656;1369;13
1;22;9;0;1;0;1;13;0;0;3.59589;1;1;0;0;0;1.2797916;484;13
1;30;12;1;0;0;0;13;0;0;24.9095;1;1;0;0;0;3.2152493;900;13
1;27;11;1;0;0;1;13;0;0;7.5061502;1;1;0;0;0;2.0157228;729;13
1;33;8;1;0;0;1;13;0;0;.28979;1;1;0;0;0;-1.2385987;1089;13
1;22;9;1;0;0;1;13;0;0;4.0564899;1;1;0;0;0;1.400318;484;13
1;23;12;1;0;0;0;6;0;0;0;1;1;1;0;0;0;529;6
1;32;11;1;0;0;1;6;0;0;8.4721603;1;1;0;0;0;2.1367855;1024;6
1;22;16;1;0;0;0;14;0;0;2.1640201;1;1;0;0;0;.77196765;484;14
1;33;12;0;0;1;0;13;0;0;12.4181;1;1;0;0;0;2.519155;1089;13
1;19;9;1;0;0;1;14;0;0;8.1739101;1;1;0;0;0;2.1009474;361;14
1;21;13;1;0;0;0;14;0;0;17.094601;1;1;0;0;0;2.8387628;441;14
1;18;8;1;0;0;1;15;0;0;0;1;1;1;0;0;0;324;15
1;27;10;1;0;1;1;15;0;0;18.739901;1;1;0;0;0;2.930655;729;15
1;17;7;1;0;0;1;15;0;0;3.0238798;1;1;0;0;0;1.1065407;289;15
1;19;10;1;0;0;1;13;0;0;3.2284999;1;1;0;0;0;1.1720176;361;13
1;27;13;1;0;0;0;6;0;0;14.5819;1;1;0;0;0;2.679781;729;6
1;23;10;1;0;0;1;13;0;0;7.6933999;1;1;0;0;0;2.0403628;529;13
1;40;12;1;0;0;0;15;0;0;10.8043;1;1;0;0;0;2.3799443;1600;15
1;26;12;1;0;0;0;21;0;0;10.7474;1;1;0;0;0;2.3746638;676;21
1;23;11;1;0;0;1;6;0;0;0;1;1;1;0;0;0;529;6
1;41;14;0;0;0;0;14;0;0;5.1494999;1;1;0;0;0;1.6388996;1681;14
1;38;9;0;0;0;1;6;0;0;6.4089499;1;1;0;0;0;1.8576955;1444;6
1;24;11;1;0;0;1;6;0;0;1.9914;1;1;0;0;0;.68883789;576;6
1;18;10;1;0;0;1;15;0;0;11.1632;1;1;0;0;0;2.4126227;324;15
1;29;11;1;0;1;1;6;0;0;9.6429996;1;1;0;0;0;2.2662323;841;6
1;25;11;1;0;0;1;13;0;0;9.8970499;1;1;0;0;0;2.2922368;625;13
1;27;10;0;1;0;1;13;0;0;11.1429;1;1;0;0;0;2.4108026;729;13
1;17;10;1;0;0;1;14;0;0;16.217999;1;1;0;0;0;2.7861216;289;14
1;24;11;1;0;0;1;15;0;0;.9957;1;1;0;0;0;-.0043092701;576;15
1;17;10;1;0;0;1;6;0;0;0;1;1;1;0;0;0;289;6
1;48;4;1;0;0;1;14;0;0;6.55159;1;1;0;0;0;1.8797078;2304;14
1;25;11;1;0;1;1;14;0;0;1.5744201;1;1;0;0;0;.45388702;625;14
1;20;12;1;0;0;0;14;0;0;0;1;1;1;0;0;0;400;14
1;25;12;1;0;0;0;14;0;0;3.19175;1;1;0;0;0;1.1605694;625;14
1;42;14;1;0;0;0;12;0;0;20.505901;1;1;0;0;0;3.0207126;1764;12
1;25;5;1;0;0;1;15;0;0;6.18188;1;1;0;0;0;1.8216225;625;15
1;23;12;1;0;1;0;13;0;0;5.9115496;1;1;0;0;0;1.776908;529;13
1;46;8;1;0;1;1;15;0;0;3.0941598;1;1;0;0;0;1.1295164;2116;15
1;24;10;1;0;0;1;15;0;0;0;1;1;1;0;0;0;576;15
1;21;12;1;0;0;0;15;0;0;1.2545799;1;1;0;0;0;.22680077;441;15
1;19;9;0;0;0;1;14;0;0;13.1888;1;1;0;0;0;2.5793679;361;14
1;17;8;1;0;0;1;15;0;0;8.0614901;1;1;0;0;0;2.0870984;289;15
1;18;8;0;1;1;1;15;0;0;2.7879601;1;1;0;0;0;1.0253102;324;15
1;20;11;1;0;0;1;23;0;0;3.9725399;1;1;0;0;0;1.3794056;400;23
1;25;11;1;0;1;1;15;0;0;0;1;1;1;0;0;0;625;15
1;17;8;1;0;0;1;13;0;0;0;1;1;1;0;0;0;289;13
1;17;9;1;0;0;1;13;0;0;0;1;1;1;0;0;0;289;13
1;25;5;1;0;0;1;24;0;0;12.1874;1;1;0;0;0;2.5004027;625;24
1;23;12;1;0;0;0;15;0;0;4.8431802;1;1;0;0;0;1.5775715;529;15
1;28;8;1;0;0;1;14;0;0;0;1;1;1;0;0;0;784;14
1;31;11;1;0;1;1;24;0;0;8.0874901;1;1;0;0;0;2.0903184;961;24
1;18;11;1;0;0;1;24;0;0;0;1;1;1;0;0;0;324;24
1;25;12;1;0;0;0;13;0;0;2.3489699;1;1;0;0;0;.85397691;625;13
1;30;11;1;0;1;1;15;0;0;.59078199;1;1;0;0;0;-.52630824;900;15
1;17;10;1;0;0;1;13;0;0;0;1;1;1;0;0;0;289;13
1;37;9;1;0;0;1;24;0;0;1.06751;1;1;0;0;0;.065328844;1369;24
1;41;4;1;0;1;1;14;0;0;7.2849898;1;1;0;0;0;1.985816;1681;14
1;42;14;1;0;1;0;23;0;0;13.1675;1;1;0;0;0;2.5777516;1764;23
1;22;11;0;0;0;1;13;0;0;1.0484301;1;1;0;0;0;.047293887;484;13
1;17;8;1;0;0;1;13;0;0;0;1;1;1;0;0;0;289;13
1;29;8;1;0;0;1;13;0;0;1.9239399;1;1;0;0;0;.65437514;841;13
1;35;10;1;0;0;1;14;0;0;4.6662402;1;1;0;0;0;1.5403537;1225;14
1;27;11;1;0;0;1;13;0;0;.54929793;1;1;0;0;0;-.5991143;729;13
1;29;4;1;0;0;1;13;0;0;.76291502;1;1;0;0;0;-.27060863;841;13
1;28;9;1;0;0;1;22;0;0;10.6943;1;1;0;0;0;2.3697109;784;22
1;27;11;1;0;0;1;13;0;0;0;1;1;1;0;0;0;729;13
1;23;7;0;0;0;1;15;0;0;0;1;1;1;0;0;0;529;15
1;45;5;1;0;1;1;15;0;0;8.5467196;1;1;0;0;0;2.1455476;2025;15
1;29;13;1;0;0;0;13;0;0;7.47966;1;1;0;0;0;2.0121872;841;13
1;27;9;1;0;0;1;14;0;0;0;1;1;1;0;0;0;729;14
1;46;13;1;0;0;0;15;0;0;.647205;1;1;0;0;0;-.43509218;2116;15
1;18;6;1;0;0;1;13;0;0;0;1;1;1;0;0;0;324;13
1;25;12;1;0;0;0;22;0;0;11.965799;1;1;0;0;0;2.4820526;625;22
1;28;15;1;0;0;0;13;0;0;9.5985394;1;1;0;0;0;2.261611;784;13
1;25;11;0;0;0;1;23;0;0;18.7834;1;1;0;0;0;2.9329734;625;23
1;22;12;1;0;0;0;24;0;0;18.678099;1;1;0;0;0;2.9273517;484;24
1;21;9;1;0;0;1;15;0;0;0;1;1;1;0;0;0;441;15
1;40;11;1;0;0;1;22;0;0;23.0056;1;1;0;0;0;3.1357377;1600;22
1;22;11;1;0;0;1;14;0;0;6.4567003;1;1;0;0;0;1.8651184;484;14
1;25;12;1;0;0;0;14;0;0;0;1;1;1;0;0;0;625;14
1;18;12;1;0;0;0;14;0;0;2.3211102;1;1;0;0;0;.84204561;324;14
1;38;12;0;0;0;0;22;0;0;4.9418502;1;1;0;0;0;1.5977398;1444;22
1;27;13;1;0;0;0;15;0;0;0;1;1;1;0;0;0;729;15
1;27;8;1;0;0;1;21;0;0;0;1;1;1;0;0;0;729;21
1;38;11;1;0;0;1;21;0;0;0;1;1;1;0;0;0;1444;21
1;23;8;0;1;0;1;21;0;0;3.8812802;1;1;0;0;0;1.3561651;529;21
1;26;11;1;0;0;1;22;0;0;17.230999;1;1;0;0;0;2.84671;676;22
1;21;12;0;0;0;0;14;0;0;8.0486002;1;1;0;0;0;2.0854981;441;14
1;25;8;1;0;0;1;15;0;0;0;1;1;1;0;0;0;625;15
1;31;11;1;0;1;1;24;0;0;14.5099;1;1;0;0;0;2.6748312;961;24
1;17;10;1;0;0;1;13;0;0;0;1;1;1;0;0;0;289;13
1;25;11;1;0;0;1;22;0;0;0;1;1;1;0;0;0;625;22
1;21;12;1;0;0;0;15;0;0;9.9837799;1;1;0;0;0;2.3009617;441;15
1;44;11;1;0;0;1;15;0;0;0;1;1;1;0;0;0;1936;15
1;25;12;0;0;0;0;23;0;0;5.5875001;1;1;0;0;0;1.7205319;625;23
1;18;9;1;0;0;1;21;0;0;4.4828501;1;1;0;0;0;1.500259;324;21
1;42;12;1;0;0;0;22;0;0;2.4561498;1;1;0;0;0;.89859504;1764;22
1;25;10;1;0;0;1;22;0;0;0;1;1;1;0;0;0;625;22
1;31;9;0;1;0;1;23;0;0;26.8176;1;1;0;0;0;3.2890584;961;23
1;24;10;1;0;0;1;21;0;0;0;1;1;1;0;0;0;576;21
1;26;10;1;0;0;1;24;0;0;9.26579;1;1;0;0;0;2.2263291;676;24
1;25;11;1;0;0;1;24;0;0;.48523003;1;1;0;0;0;-.72313219;625;24
1;18;11;1;0;0;1;21;0;0;4.8146296;1;1;0;0;0;1.5716591;324;21
1;19;11;1;0;0;1;22;0;0;7.4581099;1;1;0;0;0;2.0093019;361;22
1;43;9;1;0;0;1;21;0;0;0;1;1;1;0;0;0;1849;21
1;27;13;1;0;0;0;21;0;0;34.0993;1;1;0;0;0;3.5292768;729;21
1;17;9;1;0;0;1;24;0;0;1.95327;1;1;0;0;0;.66950488;289;24
1;30;11;1;0;0;1;24;0;0;0;1;1;1;0;0;0;900;24
1;26;10;1;0;1;1;24;2.0280001;0;0;0;1;1;.70705014;0;0;676;24
1;20;9;1;0;0;1;24;6.0839901;0;8.88167;0;1;0;1.8056607;0;2.1839895;400;24
1;17;9;0;1;0;1;22;.44517002;.074343495;6.21067;0;0;0;-.80929899;-2.5990591;1.8262688;289;22
1;20;12;1;0;0;0;22;.989268;.165208;0;0;0;1;-.010789998;-1.80055;0;400;22
1;18;11;1;0;0;1;21;.85825408;.214564;.92988396;0;0;0;-.1528551;-1.5391473;-.072695479;324;21
1;27;12;1;0;1;0;23;3.6708703;.33404902;0;0;0;1;1.3004287;-1.0964675;0;729;23
1;21;12;0;0;0;0;23;3.6708703;.33404902;12.558001;0;0;0;1.3004287;-1.0964675;2.5303581;441;23
1;27;12;1;0;0;0;22;2.14341;.35795003;22.163301;0;0;0;.762398;-1.0273619;3.0984378;729;22
1;20;12;1;0;0;0;22;0;.37756902;1.65264;1;0;0;0;-.97400188;.50237399;400;22
1;19;10;1;0;0;1;22;0;.38527399;8.1247196;1;0;0;0;-.9538005;2.0949113;361;22
1;23;12;1;0;0;0;23;5.50631;.50107402;.671332;0;0;0;1.7058947;-.69100147;-.39849147;529;23
1;29;14;1;0;0;0;24;0;.67967296;17.814999;1;0;0;0;-.38614354;2.8800406;841;24
1;18;10;1;0;0;1;21;0;.79890805;9.7371502;1;0;0;0;-.22450942;2.2759485;324;21
1;19;9;1;0;0;1;24;0;.79890805;17.6852;1;0;0;0;-.22450942;2.8727281;361;24
1;27;13;0;0;1;0;23;9.3815708;.85372305;0;0;0;1;2.2387471;-.15814844;0;729;23
1;18;11;0;0;0;1;21;3.6782298;.91955793;4.3217096;0;0;0;1.3024316;-.083862238;1.4636511;324;21
1;27;9;1;0;1;1;23;0;.93444502;1.77342;1;0;0;0;-.067802481;.57290989;729;23
1;22;12;1;0;0;0;22;5.6058502;.93617696;0;0;0;1;1.7238108;-.065950766;0;484;22
1;23;10;1;0;1;1;21;0;.93643904;11.2333;1;0;0;0;-.065670855;2.4188826;529;21
1;23;12;0;1;0;0;23;9.3857403;1.11744;.559443;0;0;0;2.2391915;.11104034;-.58081365;529;23
1;20;11;1;0;0;1;23;3.6375;1.22084;1.0854399;0;0;0;1.2912966;.19953912;.081985362;400;23
1;17;9;1;0;0;1;21;1.7165101;1.2534399;5.4452004;0;0;0;.54029322;.22589169;1.6947346;289;21
1;28;11;1;0;0;1;23;0;1.2840799;60.307899;1;0;0;0;.25004244;4.099463;784;23
1;26;11;1;0;1;1;21;0;1.39285;1.4603599;1;0;0;0;.33135203;.37868294;676;21
1;20;11;1;0;0;1;23;16.3186;1.48499;6.9433393;0;0;0;2.7923055;.39540803;1.9377829;400;23
1;24;11;1;0;1;1;22;.82438898;1.66611;4.0327101;0;0;0;-.19311279;.51049161;1.3944386;576;22
1;31;9;1;0;0;1;22;0;1.6986099;10.363299;1;0;0;0;.52981025;2.3382707;961;22
1;23;8;0;0;1;1;23;0;1.71315;4.2323103;1;0;0;0;.53833377;1.4427481;529;23
1;18;10;1;0;0;1;22;2.14341;1.78427;11.1414;0;0;0;.762398;.57900941;2.4106679;324;22
1;29;12;1;0;0;0;22;10.8819;1.8172801;0;0;0;1;2.3871009;.59734088;0;841;22
1;26;11;0;0;0;1;23;0;2.2262702;13.3859;1;0;0;0;.8003276;2.594202;676;23
1;24;9;1;0;0;1;21;9.1547003;2.2886798;4.8495603;0;0;0;2.2142675;.82797515;1.5788881;576;21
1;25;12;1;0;0;0;22;14.426801;2.40927;0;0;0;1;2.6690876;.87932384;0;625;22
1;24;10;1;0;0;1;21;4.2503996;2.4219499;1.6605101;0;0;0;1.447013;.88457292;.50712484;576;21
1;46;8;1;0;0;1;22;3.1656599;2.5947199;0;0;0;1;1.1523615;.95347857;0;2116;22
1;31;12;0;0;0;0;23;0;2.6112199;2.48455;1;0;0;0;.95981753;.91009158;961;23
1;19;11;1;0;0;1;21;2.3050301;2.6152799;4.1465998;0;0;0;.83509374;.96137112;1.4222887;361;21
1;19;8;1;0;0;1;21;0;2.6570601;9.9706793;1;0;0;0;.9772203;2.2996488;361;21
1;27;11;1;0;0;1;21;2.2069399;2.66627;0;0;0;1;.7916069;.98068053;0;729;21
1;26;11;1;0;1;1;23;0;2.7546499;26.372303;1;0;0;0;1.0132904;3.2723143;676;23
1;20;10;1;0;0;1;23;5.0057302;2.7773602;5.61519;0;0;0;1.6105833;1.0215009;1.7254754;400;23
1;28;10;1;0;0;1;23;0;2.8365102;3.1965699;1;0;0;0;1.0425745;1.1620784;784;23
1;24;12;1;0;0;0;23;13.7658;2.8427601;6.1676803;0;0;0;2.6221874;1.0447755;1.8193228;576;23
1;19;8;1;0;0;1;23;2.6363502;2.9372602;7.5359397;0;0;0;.96939546;1.0774772;2.0196836;361;23
1;23;12;1;0;0;0;21;6.2693396;3.0399599;8.4842396;0;0;0;1.8356711;1.1118443;2.1382103;529;21
1;42;9;1;0;1;1;15;0;3.0585301;1.29441;1;0;0;0;1.1179345;.25805497;1764;15
1;25;13;1;0;0;0;21;12.362901;3.09073;0;0;0;1;2.5147002;1.1284072;0;625;21
1;18;9;1;0;0;1;22;0;3.2873797;5.0103397;1;0;0;0;1.1900908;1.6115037;324;22
1;21;12;1;0;0;0;21;6.47368;3.3324101;9.3710403;0;0;0;1.8677447;1.2036958;2.2376242;441;21
1;27;10;1;0;0;1;23;1.00115;3.5500801;0;0;0;1;.0011493512;1.2669702;0;729;23
1;21;8;1;0;0;1;22;.989268;3.6959;4.2796097;0;0;0;-.010789998;1.307224;1.4538618;441;22
1;22;9;1;0;0;1;22;2.1928799;3.8369899;3.4625599;0;0;0;.78521574;1.3446882;1.2420082;484;22
1;31;4;1;0;0;1;24;8.5175896;4.02321;7.3825502;0;0;0;2.1421335;1.3920801;1.9991192;961;24
1;24;10;1;0;1;1;24;11.7032;4.0781498;0;0;0;1;2.4598622;1.4056435;0;576;24
1;29;10;1;0;0;1;24;0;4.3989501;0;1;0;1;0;1.4813659;0;841;24
1;29;12;1;0;0;0;22;9.7483892;4.8789396;10.9765;0;0;0;2.277102;1.5849279;2.3957565;841;22
1;19;10;0;0;0;1;21;0;5.32411;13.829599;1;0;0;0;1.6722456;2.6268113;361;21
1;19;11;0;1;1;1;22;5.4244905;5.4637995;6.7884598;0;0;0;1.6909239;1.6981444;1.9152241;361;22
1;31;9;1;0;0;1;22;10.717;5.5178399;9.5585003;0;0;0;2.3718312;1.7079865;2.2574308;961;22
1;22;10;1;0;1;1;23;1.4683499;5.5886602;13.2283;0;0;0;.38413927;1.7207396;2.5823586;484;23
1;21;9;1;0;0;1;21;6.4164705;5.74933;.74366701;0;0;0;1.8588682;1.7490833;-.29616192;441;21
1;17;10;1;0;0;1;21;1.2914699;5.7938499;5.52279;0;0;0;.25578105;1.756797;1.7088832;289;21
1;26;12;1;0;1;0;22;8.4087601;5.7948298;1.4249399;0;0;0;2.1292741;1.7569661;.35412961;676;22
1;20;9;0;1;0;1;21;12.2608;5.8750501;1.35864;0;0;0;2.5064073;1.7707146;.30648416;400;21
1;19;10;1;0;0;1;22;4.1219501;6.0567503;0;0;0;1;1.4163264;1.8011734;0;361;22
1;26;10;1;0;0;1;23;25.929699;6.7889605;.67287701;0;0;0;3.255389;1.9152979;-.3961927;676;23
1;28;11;1;0;0;1;21;1.9290301;6.8718596;0;0;0;1;.65701729;1.9274348;0;784;21
1;22;12;0;1;1;0;23;.49223098;7.0556998;10.0928;0;0;0;-.70880717;1.9538357;2.3118224;484;23
1;33;11;1;0;0;1;22;0;7.8679199;6.2814302;1;0;0;0;2.0627937;1.8375977;1089;22
1;22;12;0;0;0;0;22;6.7599897;8.4554996;12.5907;0;0;0;1.9110214;2.1348171;2.5329585;484;22
1;29;10;0;1;0;1;21;0;8.8536701;5.11201;1;0;0;0;2.1808321;1.6315926;841;21
1;33;12;1;0;1;0;24;20.280001;10.941401;15.9526;0;0;0;3.0096352;2.3925538;2.7696218;1089;24
1;25;14;1;0;1;0;23;35.0401;11.5366;36.646999;0;0;0;3.556493;2.4455247;3.6013315;625;23
1;35;9;1;0;1;1;22;13.6024;13.8306;12.803999;0;0;0;2.6102462;2.6268835;2.5497575;1225;22
1;35;8;1;0;1;1;21;13.7321;17.9762;3.7866299;0;0;0;2.6197362;2.8890486;1.3314764;1225;21
1;33;11;1;0;1;1;24;14.6607;25.1422;4.1819401;0;0;0;2.6851704;3.2245476;1.4307753;1089;24
0;23;10;1;0;0;1;21;0;0;0;1;1;1;0;0;0;529;0
0;26;12;0;0;0;0;14;0;0;12.3837;1;1;0;0;0;2.516381;676;0
0;22;9;1;0;0;1;5;0;0;0;1;1;1;0;0;0;484;0
0;18;9;1;0;0;1;15;0;0;10.740099;1;1;0;0;0;2.3739843;324;0
0;45;11;1;0;0;1;14;0;0;11.796499;1;1;0;0;0;2.4678028;2025;0
0;18;9;1;0;0;1;15;0;0;9.2270498;1;1;0;0;0;2.2221394;324;0
0;24;8;0;0;0;1;15;0;0;10.5693;1;1;0;0;0;2.3579535;576;0
0;34;11;1;0;1;1;14;0;0;6.0403395;1;1;0;0;0;1.7984602;1156;0
0;24;4;0;1;0;1;21;0;0;3.88083;1;1;0;0;0;1.3560491;576;0
0;36;10;1;0;0;1;23;0;0;0;1;1;1;0;0;0;1296;0
0;21;14;1;0;0;0;15;0;0;5.7750597;1;1;0;0;0;1.7535486;441;0
0;28;9;1;0;0;1;14;0;0;0;1;1;1;0;0;0;784;0
0;27;7;1;0;1;1;13;0;0;0;1;1;1;0;0;0;729;0
0;19;11;0;0;0;1;22;0;0;0;1;1;1;0;0;0;361;0
0;20;8;1;0;0;1;15;0;0;0;1;1;1;0;0;0;400;0
0;34;12;1;0;0;0;21;0;0;2.1137199;1;1;0;0;0;.74844939;1156;0
0;24;10;1;0;0;1;13;0;0;7.6186399;1;1;0;0;0;2.0305979;576;0
0;22;8;0;1;0;1;5;0;0;9.9209499;1;1;0;0;0;2.2946486;484;0
0;25;11;1;0;0;1;13;0;0;4.1963797;1;1;0;0;0;1.4342222;625;0
0;39;9;1;0;0;1;21;0;0;0;1;1;1;0;0;0;1521;0
0;19;9;1;0;1;1;12;0;0;16.6583;1;1;0;0;0;2.8129086;361;0
0;44;9;1;0;0;1;21;0;0;9.7220001;1;1;0;0;0;2.2743914;1936;0
0;27;8;1;0;0;1;15;0;0;3.7836597;1;1;0;0;0;1.3306917;729;0
0;25;8;1;0;0;1;6;0;0;3.5159297;1;1;0;0;0;1.257304;625;0
0;31;10;1;0;0;1;14;0;0;17.014599;1;1;0;0;0;2.8340716;961;0
0;34;10;1;0;1;1;15;0;0;0;1;1;1;0;0;0;1156;0
0;21;7;0;1;0;1;15;0;0;0;1;1;1;0;0;0;441;0
0;33;12;1;0;0;0;22;0;0;5.9702597;1;1;0;0;0;1.7867904;1089;0
0;18;10;0;1;0;1;6;0;0;1.85917;1;1;0;0;0;.62013012;324;0
0;26;12;1;0;1;0;23;0;0;6.1919398;1;1;0;0;0;1.8232484;676;0
0;31;12;1;0;0;0;15;0;0;7.2843904;1;1;0;0;0;1.9857337;961;0
0;35;10;1;0;0;1;13;0;0;.445831;1;1;0;0;0;-.80781531;1225;0
0;20;12;1;0;0;0;15;0;0;0;1;1;1;0;0;0;400;0
0;25;11;1;0;0;1;22;0;0;0;1;1;1;0;0;0;625;0
0;25;10;1;0;0;1;22;0;0;7.3670402;1;1;0;0;0;1.9970161;625;0
0;35;11;1;0;0;1;23;0;0;0;1;1;1;0;0;0;1225;0
0;20;10;1;0;0;1;23;0;0;2.0155001;1;1;0;0;0;.70086735;400;0
0;25;9;0;1;0;1;22;0;0;15.7911;1;1;0;0;0;2.7594464;625;0
0;27;10;1;0;0;1;21;0;0;1.13547;1;1;0;0;0;.12704669;729;0
0;20;11;0;1;0;1;6;0;0;6.3787203;1;1;0;0;0;1.8529675;400;0
0;26;11;1;0;0;1;15;0;0;7.1761904;1;1;0;0;0;1.9707687;676;0
0;38;8;1;0;0;1;15;0;0;0;1;1;1;0;0;0;1444;0
0;34;10;1;0;0;1;23;0;0;7.9525399;1;1;0;0;0;2.0734913;1156;0
0;19;12;1;0;0;0;14;0;0;0;1;1;1;0;0;0;361;0
0;32;8;1;0;0;1;15;0;0;7.1521301;1;1;0;0;0;1.9674102;1024;0
0;20;9;0;1;0;1;22;0;0;8.3298206;1;1;0;0;0;2.1198418;400;0
0;23;10;1;0;0;1;23;0;0;0;1;1;1;0;0;0;529;0
0;38;10;1;0;0;1;15;0;0;12.4299;1;1;0;0;0;2.5201049;1444;0
0;24;11;1;0;0;1;23;0;0;0;1;1;1;0;0;0;576;0
0;23;11;1;0;0;1;22;0;0;5.0887594;1;1;0;0;0;1.6270341;529;0
0;20;7;0;1;0;1;21;0;0;4.3740401;1;1;0;0;0;1.4756871;400;0
0;21;11;1;0;0;1;6;0;0;1.5532901;1;1;0;0;0;.44037536;441;0
0;25;10;1;0;0;1;14;0;0;0;1;1;1;0;0;0;625;0
0;22;11;1;0;1;1;21;0;0;1.6983;1;1;0;0;0;.52962774;484;0
0;23;11;1;0;0;1;22;0;0;0;1;1;1;0;0;0;529;0
0;24;12;0;0;0;0;22;0;0;11.2946;1;1;0;0;0;2.4243248;576;0
0;29;11;1;0;0;1;15;0;0;0;1;1;1;0;0;0;841;0
0;24;11;1;0;0;1;14;0;0;14.626401;1;1;0;0;0;2.6828282;576;0
0;22;9;1;0;0;1;21;0;0;12.898401;1;1;0;0;0;2.5571034;484;0
0;28;11;1;0;0;1;14;0;0;5.7671299;1;1;0;0;0;1.7521745;784;0
0;18;10;0;1;0;1;12;0;0;6.5279198;1;1;0;0;0;1.8760884;324;0
0;26;10;1;0;0;1;6;0;0;3.9312401;1;1;0;0;0;1.3689549;676;0
0;25;10;1;0;0;1;14;0;0;20.9422;1;1;0;0;0;3.0417662;625;0
0;24;10;1;0;0;1;15;0;0;0;1;1;1;0;0;0;576;0
0;26;5;1;0;0;1;15;0;0;0;1;1;1;0;0;0;676;0
0;36;10;1;0;0;1;6;0;0;14.690401;1;1;0;0;0;2.6871943;1296;0
0;22;11;1;0;0;1;5;0;0;0;1;1;1;0;0;0;484;0
0;25;12;1;0;0;0;13;0;0;3.4180999;1;1;0;0;0;1.2290848;625;0
0;27;11;1;0;0;1;13;0;0;11.1973;1;1;0;0;0;2.4156728;729;0
0;29;8;1;0;0;1;23;0;0;0;1;1;1;0;0;0;841;0
0;24;12;1;0;0;0;23;0;0;0;1;1;1;0;0;0;576;0
0;22;10;1;0;0;1;21;0;0;0;1;1;1;0;0;0;484;0
0;24;7;1;0;0;1;15;0;0;1.4556899;1;1;0;0;0;.37547994;576;0
0;29;12;1;0;0;0;6;0;0;1.89094;1;1;0;0;0;.63707405;841;0
0;25;11;0;1;1;1;15;0;0;4.48562;1;1;0;0;0;1.5008768;625;0
0;30;12;1;0;0;0;22;0;0;13.6134;1;1;0;0;0;2.6110547;900;0
0;22;8;1;0;0;1;22;0;0;1.39051;1;1;0;0;0;.32967055;484;0
0;55;3;1;0;0;1;6;0;0;5.8438001;1;1;0;0;0;1.7653813;3025;0
0;20;10;1;0;0;1;13;0;0;8.5985203;1;1;0;0;0;2.1515901;400;0
0;34;11;1;0;0;1;22;0;0;2.9201999;1;1;0;0;0;1.0716521;1156;0
0;22;12;1;0;0;0;13;0;0;0;1;1;1;0;0;0;484;0
0;32;12;0;1;1;0;23;0;0;6.7353196;1;1;0;0;0;1.9073653;1024;0
0;31;10;1;0;0;1;12;0;0;0;1;1;1;0;0;0;961;0
0;18;9;1;0;0;1;13;0;0;0;1;1;1;0;0;0;324;0
0;50;10;0;1;0;1;21;0;0;0;1;1;1;0;0;0;2500;0
0;25;11;1;0;1;1;5;0;0;.0447555;1;1;0;0;0;-3.1065409;625;0
0;23;10;1;0;1;1;15;0;0;0;1;1;1;0;0;0;529;0
0;38;10;1;0;0;1;22;0;0;0;1;1;1;0;0;0;1444;0
0;25;10;1;0;1;1;24;0;0;3.7018101;1;1;0;0;0;1.3088219;625;0
0;42;10;1;0;0;1;22;0;0;6.9303398;1;1;0;0;0;1.9359088;1764;0
0;39;12;1;0;1;0;15;0;0;3.7958;1;1;0;0;0;1.3338952;1521;0
0;34;13;1;0;1;0;14;0;0;5.1932497;1;1;0;0;0;1.6473596;1156;0
0;24;7;1;0;0;1;13;0;0;2.1935301;1;1;0;0;0;.78551215;576;0
0;32;11;1;0;0;1;14;0;0;11.120501;1;1;0;0;0;2.4087903;1024;0
0;27;13;1;0;0;0;15;0;0;7.60952;1;1;0;0;0;2.0294001;729;0
0;26;10;1;0;0;1;15;0;0;2.16903;1;1;0;0;0;.77428001;676;0
0;44;11;1;0;0;1;14;0;0;0;1;1;1;0;0;0;1936;0
0;25;11;1;0;0;1;15;0;0;1.26423;1;1;0;0;0;.23446324;625;0
0;25;12;1;0;0;0;15;0;0;0;1;1;1;0;0;0;625;0
0;28;12;1;0;1;0;23;0;0;0;1;1;1;0;0;0;784;0
0;32;10;1;0;0;1;14;0;0;0;1;1;1;0;0;0;1024;0
0;22;10;1;0;0;1;14;0;0;0;1;1;1;0;0;0;484;0
0;19;9;1;0;0;1;14;0;0;5.7126398;1;1;0;0;0;1.7426813;361;0
0;31;10;1;0;1;1;15;0;0;0;1;1;1;0;0;0;961;0
0;23;11;1;0;0;1;24;0;0;0;1;1;1;0;0;0;529;0
0;33;11;1;0;0;1;24;0;0;0;1;1;1;0;0;0;1089;0
0;27;10;1;0;0;1;15;0;0;1.18488;1;1;0;0;0;.16964152;729;0
0;29;11;1;0;1;1;15;0;0;10.225901;1;1;0;0;0;2.3249238;841;0
0;23;10;1;0;0;1;21;0;0;0;1;1;1;0;0;0;529;0
0;25;9;1;0;1;1;14;0;0;4.7153702;1;1;0;0;0;1.5508274;625;0
0;25;10;1;0;0;1;13;0;0;.28979;1;1;0;0;0;-1.2385987;625;0
0;24;10;1;0;0;1;23;0;0;0;1;1;1;0;0;0;576;0
0;28;8;0;0;0;1;21;0;0;8.1904202;1;1;0;0;0;2.1029651;784;0
0;26;6;1;0;0;1;23;0;0;4.8130498;1;1;0;0;0;1.5713309;676;0
0;30;14;1;0;1;0;24;0;0;7.3446798;1;1;0;0;0;1.9939762;900;0
0;25;10;1;0;1;1;24;0;0;0;1;1;1;0;0;0;625;0
0;29;11;1;0;1;1;23;0;0;0;1;1;1;0;0;0;841;0
0;25;12;1;0;1;0;23;0;0;0;1;1;1;0;0;0;625;0
0;28;13;1;0;0;0;15;0;0;0;1;1;1;0;0;0;784;0
0;23;11;1;0;0;1;6;0;0;4.3509102;1;1;0;0;0;1.4703851;529;0
0;54;11;1;0;0;1;24;0;0;7.81252;1;1;0;0;0;2.0557275;2916;0
0;33;5;0;1;0;1;15;0;0;0;1;1;1;0;0;0;1089;0
0;20;8;1;0;0;1;21;0;0;3.6446598;1;1;0;0;0;1.293263;400;0
0;45;9;1;0;0;1;22;0;0;4.8448;1;1;0;0;0;1.577906;2025;0
0;39;6;1;0;0;1;22;0;0;0;1;1;1;0;0;0;1521;0
0;26;12;1;0;0;0;14;0;0;0;1;1;1;0;0;0;676;0
0;23;10;1;0;0;1;13;0;0;0;1;1;1;0;0;0;529;0
0;27;12;0;0;0;0;23;0;0;14.7929;1;1;0;0;0;2.6941473;729;0
0;33;9;0;1;1;1;22;0;0;0;1;1;1;0;0;0;1089;0
0;25;10;1;0;1;1;21;0;0;0;1;1;1;0;0;0;625;0
0;23;8;1;0;0;1;13;0;0;3.7466998;1;1;0;0;0;1.3208754;529;0
0;18;8;1;0;0;1;13;0;0;1.56815;1;1;0;0;0;.4498966;324;0
0;17;8;1;0;0;1;14;0;0;7.0104399;1;1;0;0;0;1.9474005;289;0
0;19;9;0;1;0;1;13;0;0;3.8116798;1;1;0;0;0;1.33807;361;0
0;18;8;0;1;0;1;5;0;0;10.798599;1;1;0;0;0;2.3794165;324;0
0;18;11;1;0;0;1;21;0;0;4.65727;1;1;0;0;0;1.5384294;324;0
0;17;11;1;0;0;1;5;0;0;8.5515308;1;1;0;0;0;2.1461103;289;0
0;19;10;1;0;0;1;14;0;0;4.3098803;1;1;0;0;0;1.4609101;361;0
0;19;10;1;0;0;1;14;0;0;5.2863998;1;1;0;0;0;1.6651374;361;0
0;18;9;1;0;0;1;15;0;0;12.4862;1;1;0;0;0;2.5246241;324;0
0;18;9;1;0;0;1;13;0;0;10.8774;1;1;0;0;0;2.3866873;324;0
0;18;10;1;0;0;1;6;0;0;.20228501;1;1;0;0;0;-1.5980777;324;0
0;17;10;1;0;0;1;5;0;0;2.6577098;1;1;0;0;0;.9774648;289;0
0;18;7;1;0;0;1;21;0;0;4.1325803;1;1;0;0;0;1.4189019;324;0
0;18;11;1;0;0;1;6;0;0;11.3031;1;1;0;0;0;2.425077;324;0
0;19;10;0;1;0;1;6;0;0;0;1;1;1;0;0;0;361;0
0;18;9;1;0;0;1;22;0;0;0;1;1;1;0;0;0;324;0
0;17;10;1;0;0;1;12;0;0;0;1;1;1;0;0;0;289;0
0;17;10;1;0;0;1;14;0;0;2.1894298;1;1;0;0;0;.7836411;289;0
0;19;11;1;0;0;1;22;0;0;0;1;1;1;0;0;0;361;0
0;17;8;0;0;0;1;13;0;0;10.211;1;1;0;0;0;2.3234656;289;0
0;18;10;1;0;0;1;15;0;0;11.0481;1;1;0;0;0;2.4022584;324;0
0;18;9;1;0;0;1;13;0;0;0;1;1;1;0;0;0;324;0
0;17;8;1;0;0;1;13;0;0;8.9938698;1;1;0;0;0;2.1965432;289;0
0;19;6;0;1;0;1;21;0;0;5.0717998;1;1;0;0;0;1.6236957;361;0
0;19;10;0;0;0;1;13;0;0;3.19401;1;1;0;0;0;1.1612772;361;0
0;17;11;0;0;0;1;15;0;0;0;1;1;1;0;0;0;289;0
0;20;9;1;0;0;1;12;0;0;5.1930895;1;1;0;0;0;1.6473289;400;0
0;17;9;1;0;0;1;15;0;0;0;1;1;1;0;0;0;289;0
0;17;10;1;0;0;1;13;0;0;.27556601;1;1;0;0;0;-1.288928;289;0
0;17;9;1;0;0;1;6;0;0;3.5906997;1;1;0;0;0;1.2783471;289;0
0;19;11;1;0;0;1;21;0;0;0;1;1;1;0;0;0;361;0
0;19;10;1;0;1;1;15;0;0;12.797701;1;1;0;0;0;2.5492656;361;0
0;20;9;1;0;0;1;6;0;0;2.0359101;1;1;0;0;0;.71094298;400;0
0;18;9;1;0;0;1;6;0;0;2.3896799;1;1;0;0;0;.87115943;324;0
0;18;11;1;0;0;1;15;0;0;0;1;1;1;0;0;0;324;0
0;17;10;0;1;0;1;6;0;0;8.4692802;1;1;0;0;0;2.1364455;289;0
0;19;11;1;0;0;1;14;0;0;0;1;1;1;0;0;0;361;0
0;17;10;1;0;0;1;15;0;0;1.1433899;1;1;0;0;0;.13399749;289;0
0;17;9;0;1;0;1;13;0;0;5.11481;1;1;0;0;0;1.6321403;289;0
0;18;10;1;0;0;1;13;0;0;.78122401;1;1;0;0;0;-.24689335;324;0
0;21;9;1;0;0;1;24;.59149903;0;3.3432202;0;1;0;-.52509522;0;1.2069345;441;0
0;18;10;1;0;0;1;24;1.5632499;0;9.6024408;0;1;0;.44676694;0;2.2620173;324;0
0;19;11;1;0;0;1;24;1.6266199;0;0;0;1;1;.4865042;0;0;361;0
0;24;9;1;0;0;1;24;2.7885001;0;16.461599;0;1;0;1.0255039;0;2.8010304;576;0
0;28;11;0;1;1;1;24;3.47295;0;6.7716203;0;1;0;1.2450044;0;1.9127403;784;0
0;25;11;1;0;0;1;24;5.28125;0;0;0;1;1;1.6641628;0;0;625;0
0;21;7;1;0;0;1;24;33.799999;0;11.0116;0;1;0;3.5204608;0;2.3989491;441;0
0;39;11;1;0;0;1;22;0;.0836896;0;1;0;1;0;-2.4806406;0;1521;0
0;36;12;1;0;0;0;22;0;.142397;0;1;0;1;0;-1.9491364;0;1296;0
0;24;12;1;0;0;0;13;0;.15988499;0;1;0;1;0;-1.8333006;0;576;0
0;17;11;1;0;0;1;22;.989268;.165208;4.2511301;0;0;0;-.010789998;-1.80055;1.4471848;289;0
0;18;10;1;0;0;1;21;.96042699;.24010698;2.8916698;0;0;0;-.040377315;-1.4266707;1.0618341;324;0
0;18;10;1;0;0;1;13;0;.27355301;5.51437;1;0;0;0;-1.2962599;1.7073574;324;0
0;28;10;1;0;0;1;21;1.47129;.367823;4.8589001;0;0;0;.38613957;-1.0001534;1.5808121;784;0
0;27;13;0;0;0;0;23;5.2143102;.474502;4.8125801;0;0;0;1.6514068;-.74548948;1.5712334;729;0
0;31;12;0;0;0;0;13;0;.49464303;0;1;0;1;0;-.70391893;0;961;0
0;22;9;1;0;0;1;23;0;.50640798;.60419899;1;0;0;0;-.68041265;-.50385165;484;0
0;31;10;1;0;0;1;24;0;.52044594;14.527901;1;0;0;0;-.65306926;2.6760709;961;0
0;26;10;1;0;1;1;23;6.1403704;.55877298;0;0;0;1;1.814885;-.582012;0;676;0
0;18;9;0;0;0;1;13;0;.559596;7.3004999;1;0;0;0;-.58054018;1.9879428;324;0
0;23;11;1;0;0;1;23;6.3823099;.58078998;0;0;0;1;1.85353;-.54336607;0;529;0
0;20;12;1;0;0;0;23;0;.59181499;4.1599197;1;0;0;0;-.52456123;1.4254957;400;0
0;19;10;1;0;0;1;21;0;.60415399;0;1;0;1;0;-.50392616;0;361;0
0;18;11;1;0;0;1;24;1.0646999;.64527196;5.4975901;0;0;0;.062692963;-.43808341;1.7043098;324;0
0;17;10;1;0;0;1;15;0;.66456896;0;1;0;1;0;-.40861663;0;289;0
0;27;12;1;0;1;0;23;0;.75239003;0;1;0;1;0;-.28450045;0;729;0
0;27;11;1;0;0;1;21;3.0651898;.76629901;0;0;0;1;1.1201096;-.26618284;0;729;0
0;28;12;0;0;0;0;24;0;.803343;16.477001;1;0;0;0;-.21897352;2.8019655;784;0
0;28;11;1;0;0;1;22;2.4319501;.86347997;0;0;0;1;.88869345;-.14678457;0;784;0
0;21;10;1;0;0;1;22;6.6610603;1.16236;39.483498;0;0;0;1.8962787;.15045238;3.6758828;441;0
0;17;10;0;1;0;1;22;4.9051199;1.1689;11.306299;0;0;0;1.5902796;.15606314;2.42536;289;0
0;26;11;1;0;0;1;21;4.6999598;1.1749899;6.67202;0;0;0;1.5475539;.16125959;1.8979226;676;0
0;29;9;1;0;0;1;14;0;1.20382;9.3786507;1;0;0;0;.18549983;2.238436;841;0
0;17;10;0;1;0;1;22;1.2036099;1.23963;5.0889902;0;0;0;.18532532;.21481293;1.6270794;289;0
0;22;11;1;0;0;1;22;7.9141297;1.32166;2.6392901;0;0;0;2.0686498;.27888855;.97051001;484;0
0;24;11;1;0;0;1;23;0;1.3279899;9.4959011;1;0;0;0;.28366646;2.2508602;576;0
0;20;12;1;0;0;0;24;.55769897;1.37147;20.893101;0;0;0;-.58393598;.31588313;3.0394189;400;0
0;18;12;1;0;0;0;21;0;1.4055101;0;1;0;1;0;.34040028;0;324;0
0;24;11;0;0;0;1;23;2.6697299;1.46838;10.3617;0;0;0;.98197734;.38415974;2.3381164;576;0
0;21;9;0;0;0;1;22;2.98841;1.5771701;1.7402;0;0;0;1.0947415;.45563218;.55400008;441;0
0;30;8;1;0;0;1;23;0;1.70666;0;1;0;1;0;.53453827;0;900;0
0;31;11;1;0;0;1;23;17.711901;1.72645;0;0;0;1;2.8742368;.54606724;0;961;0
0;17;10;0;1;0;1;22;1.4426801;1.73456;6.3541899;0;0;0;.36650258;.55075377;1.8491144;289;0
0;19;9;1;0;0;1;23;8.4096298;1.7780899;7.171;0;0;0;2.1293774;.57553971;1.9700451;361;0
0;23;11;1;0;0;1;14;0;1.8960199;5.5735497;1;0;0;0;.63975692;1.7180321;529;0
0;22;12;1;0;0;0;23;4.3800201;2.00368;.43968797;0;0;0;1.4770533;.69498551;-.82168996;484;0
0;29;12;1;0;0;0;23;22.859402;2.08021;16.969999;0;0;0;3.1293626;.73246884;2.8314471;841;0
0;22;10;1;0;0;1;15;0;2.1749599;5.3440199;1;0;0;0;.7770102;1.6759782;484;0
0;29;13;1;0;0;0;24;.71824902;2.2655799;2.7253201;0;0;0;-.33093894;.81783074;1.0025859;841;0
0;19;11;1;0;0;1;22;.72134101;2.44559;9.7722797;0;0;0;-.32664329;.89428639;2.2795498;361;0
0;17;9;1;0;0;1;24;0;2.5952699;0;1;0;1;0;.95369053;0;289;0
0;18;10;1;0;0;1;21;1.7165101;2.6821299;0;0;0;1;.54029322;.98661119;0;324;0
0;19;12;1;0;0;0;22;8.4169998;2.8141999;1.7209101;0;0;0;2.1302536;1.034678;.54285324;361;0
0;20;6;1;0;0;1;23;6.0068798;2.8506103;0;0;0;1;1.7929054;1.0475332;0;400;0
0;33;11;1;0;0;1;21;10.5238;2.8998201;18.8599;0;0;0;2.3536394;1.0646487;2.9370379;1089;0
0;36;11;0;1;0;1;23;5.4437304;3.06388;1.32454;0;0;0;1.6944646;1.1196821;.28106526;1296;0
0;25;11;1;0;0;1;24;15.210001;3.0727301;.28465798;0;0;0;2.7219532;1.1225665;-1.2564669;625;0
0;19;11;1;0;0;1;23;3.50401;3.2856801;11.195901;0;0;0;1.253908;1.1895736;2.4155476;361;0
0;23;8;1;0;0;1;21;7.7242799;3.4030602;0;0;0;1;2.0443685;1.2246751;0;529;0
0;17;11;1;0;0;1;22;4.08073;3.79603;0;0;0;1;1.4062759;1.3339558;0;289;0
0;43;10;1;0;0;1;23;2.5028701;4.1284399;7.5652704;0;0;0;.91743809;1.4178996;2.0235682;1849;0
0;26;11;1;0;1;1;24;0;4.1847301;0;1;0;1;0;1.4314421;0;676;0
0;27;11;1;0;1;1;24;0;4.4918799;0;1;0;1;0;1.5022713;0;729;0
0;19;11;1;0;0;1;24;6.3374901;4.5030603;0;0;0;1;1.8464828;1.5047573;0;361;0
0;28;11;1;0;1;1;23;8.5931606;5.3938999;4.9745898;0;0;0;2.1509666;1.6852686;1.6043429;784;0
0;28;12;1;0;1;0;21;10.5851;5.5514598;12.780001;0;0;0;2.3594475;1.7140609;2.5478816;784;0
0;26;8;1;0;0;1;23;1.1262901;5.5626001;3.5235801;0;0;0;.11892912;1.7160656;1.2594775;676;0
0;31;12;1;0;0;0;24;0;5.6139102;0;1;0;1;0;1.7252475;0;961;0
0;23;11;1;0;0;1;22;7.6173601;5.7164102;10.2748;0;0;0;2.0304298;1.743341;2.3296943;529;0
0;20;12;1;0;0;0;24;7.1824903;6.0047297;4.7797203;0;0;0;1.9716462;1.7925475;1.5643821;400;0
0;28;10;1;0;1;1;22;8.2933493;6.4494796;16.988199;0;0;0;2.115454;1.8639995;2.8325191;784;0
0;39;12;1;0;1;0;22;19.785301;6.60814;.499257;0;0;0;2.9849393;1.8883022;-.69463432;1521;0
0;21;8;1;0;0;1;22;39.570702;6.6083002;3.08358;0;0;0;3.6780889;1.8883265;1.1260912;441;0
0;22;11;1;0;0;1;23;8.81007;6.9744797;3.70872;0;0;0;2.1758955;1.9422578;1.3106868;484;0
0;20;11;1;0;0;1;23;8.00916;7.6668801;7.6592202;0;0;0;2.080586;2.0369098;2.0359101;400;0
0;21;11;0;1;0;1;22;2.9925301;8.9204693;20.8578;0;0;0;1.0961192;2.1883485;3.0377281;441;0
0;23;12;0;1;0;0;21;5.7217002;8.96068;7.0781798;0;0;0;1.744266;2.1928461;1.9570168;529;0
0;29;9;1;0;0;1;23;9.2689409;9.1606903;0;0;0;1;2.2266691;2.2149215;0;841;0
0;28;9;1;0;1;1;22;10.222401;9.2104502;1.2398399;0;0;0;2.3245814;2.2203388;.21498227;784;0
0;30;11;1;0;1;1;24;0;9.3119411;3.9828;1;0;0;0;2.2312975;1.3819851;900;0
0;25;10;1;0;1;1;24;13.52;9.3194408;0;0;0;1;2.6041701;2.2321026;0;625;0
0;28;11;1;0;1;1;22;.82438898;10.0339;0;0;0;1;-.19311279;2.3059695;0;784;0
0;22;10;0;0;0;1;22;27.864401;10.5987;7.0949197;0;0;0;3.3273499;2.3607314;1.959379;484;0
0;44;9;1;0;1;1;21;12.2608;10.8572;12.3593;0;0;0;2.5064073;2.3848283;2.5144088;1936;0
0;21;9;1;0;0;1;23;31.886402;12.3572;0;0;0;1;3.4621797;2.5142388;0;441;0
0;28;11;1;0;0;1;24;17.491499;13.3713;0;0;0;1;2.8617151;2.5931106;0;784;0
0;29;9;0;1;0;1;23;9.5943089;16.3412;16.900301;0;0;0;2.2611701;2.7936895;2.8273315;841;0
0;25;9;1;0;1;1;22;24.7316;16.9466;7.3439598;0;0;0;3.2080817;2.8300672;1.9938781;625;0
0;22;10;0;0;1;1;22;25.720901;23.032001;5.4488001;0;0;0;3.247304;3.1368847;1.6953955;484;0
